fecha,tipo_cambio,moneda
15.01.2026,"55,711",Yen Japones
14.01.2026,"55,633",Yen Japones
13.01.2026,"55,714",Yen Japones
12.01.2026,"55,884",Yen Japones
09.01.2026,"56,581",Yen Japones
08.01.2026,"57,238",Yen Japones
07.01.2026,"57,178",Yen Japones
06.01.2026,"57,104",Yen Japones
05.01.2026,"57,768",Yen Japones
02.01.2026,"57,774",Yen Japones
01.01.2026,"57,448",Yen Japones
31.12.2025,"57,489",Yen Japones
30.12.2025,"57,565",Yen Japones
29.12.2025,"58,632",Yen Japones
26.12.2025,"57,861",Yen Japones
25.12.2025,"58,045",Yen Japones
24.12.2025,"57,997",Yen Japones
23.12.2025,"58,130",Yen Japones
22.12.2025,"57,905",Yen Japones
19.12.2025,"57,681",Yen Japones
18.12.2025,"58,586",Yen Japones
17.12.2025,"58,927",Yen Japones
16.12.2025,"59,010",Yen Japones
15.12.2025,"58,992",Yen Japones
15.01.2026,"1,025.24",Euro
14.01.2026,"1,026.38",Euro
13.01.2026,"1,032.35",Euro
12.01.2026,"1,031.21",Euro
09.01.2026,"1,039.65",Euro
08.01.2026,"1,046.92",Euro
07.01.2026,"1,046.43",Euro
06.01.2026,"1,045.50",Euro
05.01.2026,"1,059.00",Euro
02.01.2026,"1,061.95",Euro
01.01.2026,"1,057.10",Euro
31.12.2025,"1,057.86",Euro
30.12.2025,"1,057.76",Euro
29.12.2025,"1,077.19",Euro
26.12.2025,"1,066.47",Euro
25.12.2025,"1,065.18",Euro
24.12.2025,"1,065.23",Euro
23.12.2025,"1,071.09",Euro
22.12.2025,"1,069.59",Euro
19.12.2025,"1,065.57",Euro
18.12.2025,"1,068.26",Euro
17.12.2025,"1,077.06",Euro
16.12.2025,"1,072.46",Euro
15.12.2025,"1,076.21",Euro
12.12.2025,"1,068.68",Euro
11.12.2025,"1,073.06",Euro
10.12.2025,"1,080.59",Euro
09.12.2025,"1,076.44",Euro
08.12.2025,"1,075.01",Euro
05.12.2025,"1,077.51",Euro
04.12.2025,"1,067.99",Euro
03.12.2025,"1,073.20",Euro
02.12.2025,"1,073.22",Euro
01.12.2025,"1,078.30",Euro
28.11.2025,"1,076.27",Euro
27.11.2025,"1,077.53",Euro
26.11.2025,"1,074.78",Euro
25.11.2025,"1,082.75",Euro
24.11.2025,"1,083.00",Euro
21.11.2025,"1,081.18",Euro
20.11.2025,"1,069.67",Euro
19.11.2025,"1,076.39",Euro
18.11.2025,"1,080.00",Euro
17.11.2025,"1,071.33",Euro
14.11.2025,"1,075.53",Euro
13.11.2025,"1,081.58",Euro
12.11.2025,"1,078.25",Euro
11.11.2025,"1,082.64",Euro
10.11.2025,"1,085.12",Euro
07.11.2025,"1,093.84",Euro
06.11.2025,"1,088.72",Euro
05.11.2025,"1,084.14",Euro
04.11.2025,"1,087.45",Euro
03.11.2025,"1,081.35",Euro
31.10.2025,"1,087.28",Euro
30.10.2025,"1,090.39",Euro
29.10.2025,"1,092.90",Euro
28.10.2025,"1,099.67",Euro
27.10.2025,"1,096.13",Euro
24.10.2025,"1,094.97",Euro
23.10.2025,"1,097.35",Euro
22.10.2025,"1,103.60",Euro
21.10.2025,"1,106.34",Euro
20.10.2025,"1,107.02",Euro
17.10.2025,"1,113.90",Euro
16.10.2025,"1,117.36",Euro
15.10.2025,"1,117.24",Euro
14.10.2025,"1,115.72",Euro
13.10.2025,"1,108.68",Euro
10.10.2025,"1,114.47",Euro
09.10.2025,"1,098.60",Euro
08.10.2025,"1,105.73",Euro
07.10.2025,"1,119.92",Euro
06.10.2025,"1,125.87",Euro
03.10.2025,"1,133.68",Euro
02.10.2025,"1,126.90",Euro
01.10.2025,"1,125.26",Euro
30.09.2025,"1,128.73",Euro
29.09.2025,"1,132.19",Euro
26.09.2025,"1,123.40",Euro
25.09.2025,"1,118.73",Euro
24.09.2025,"1,118.46",Euro
23.09.2025,"1,120.94",Euro
22.09.2025,"1,128.89",Euro
19.09.2025,"1,122.29",Euro
18.09.2025,"1,128.01",Euro
17.09.2025,"1,124.33",Euro
16.09.2025,"1,124.72",Euro
15.09.2025,"1,119.66",Euro
12.09.2025,"1,119.84",Euro
11.09.2025,"1,115.72",Euro
10.09.2025,"1,126.30",Euro
09.09.2025,"1,133.30",Euro
08.09.2025,"1,141.65",Euro
05.09.2025,"1,130.65",Euro
04.09.2025,"1,132.44",Euro
03.09.2025,"1,130.13",Euro
02.09.2025,"1,133.40",Euro
01.09.2025,"1,134.45",Euro
29.08.2025,"1,129.74",Euro
28.08.2025,"1,129.59",Euro
27.08.2025,"1,127.09",Euro
26.08.2025,"1,125.35",Euro
25.08.2025,"1,120.20",Euro
22.08.2025,"1,123.50",Euro
21.08.2025,"1,126.82",Euro
20.08.2025,"1,126.50",Euro
19.08.2025,"1,122.56",Euro
18.08.2025,"1,124.48",Euro
15.08.2025,"1,127.20",Euro
14.08.2025,"1,124.63",Euro
13.08.2025,"1,115.00",Euro
12.08.2025,"1,115.23",Euro
11.08.2025,"1,126.44",Euro
08.08.2025,"1,127.57",Euro
07.08.2025,"1,130.51",Euro
06.08.2025,"1,137.07",Euro
05.08.2025,"1,118.78",Euro
04.08.2025,"1,118.17",Euro
01.08.2025,"1,123.11",Euro
31.07.2025,"1,109.97",Euro
30.07.2025,"1,119.32",Euro
29.07.2025,"1,121.48",Euro
28.07.2025,"1,121.85",Euro
25.07.2025,"1,131.64",Euro
24.07.2025,"1,116.58",Euro
23.07.2025,"1,116.87",Euro
22.07.2025,"1,116.09",Euro
21.07.2025,"1,115.75",Euro
18.07.2025,"1,120.78",Euro
17.07.2025,"1,116.73",Euro
16.07.2025,"1,125.58",Euro
15.07.2025,"1,121.32",Euro
14.07.2025,"1,128.46",Euro
11.07.2025,"1,117.93",Euro
10.07.2025,"1,112.30",Euro
09.07.2025,"1,113.41",Euro
08.07.2025,"1,104.17",Euro
07.07.2025,"1,104.41",Euro
04.07.2025,"1,096.04",Euro
03.07.2025,"1,093.17",Euro
02.07.2025,"1,093.46",Euro
01.07.2025,"1,096.09",Euro
30.06.2025,"1,098.39",Euro
27.06.2025,"1,101.57",Euro
26.06.2025,"1,090.17",Euro
25.06.2025,"1,092.38",Euro
24.06.2025,"1,087.23",Euro
23.06.2025,"1,097.15",Euro
20.06.2025,"1,084.44",Euro
19.06.2025,"1,081.85",Euro
18.06.2025,"1,082.83",Euro
17.06.2025,"1,085.02",Euro
16.06.2025,"1,081.68",Euro
13.06.2025,"1,083.16",Euro
12.06.2025,"1,077.52",Euro
11.06.2025,"1,073.08",Euro
10.06.2025,"1,074.50",Euro
09.06.2025,"1,071.44",Euro
06.06.2025,"1,064.90",Euro
05.06.2025,"1,064.45",Euro
04.06.2025,"1,071.14",Euro
03.06.2025,"1,069.90",Euro
02.06.2025,"1,074.40",Euro
30.05.2025,"1,072.65",Euro
29.05.2025,"1,064.25",Euro
28.05.2025,"1,062.67",Euro
27.05.2025,"1,061.79",Euro
26.05.2025,"1,069.89",Euro
23.05.2025,"1,068.29",Euro
22.05.2025,"1,063.95",Euro
21.05.2025,"1,069.51",Euro
20.05.2025,"1,065.20",Euro
19.05.2025,"1,054.20",Euro
16.05.2025,"1,054.26",Euro
15.05.2025,"1,051.02",Euro
14.05.2025,"1,052.64",Euro
13.05.2025,"1,052.00",Euro
12.05.2025,"1,049.40",Euro
09.05.2025,"1,053.66",Euro
08.05.2025,"1,050.40",Euro
07.05.2025,"1,068.81",Euro
06.05.2025,"1,067.93",Euro
05.05.2025,"1,064.82",Euro
02.05.2025,"1,070.08",Euro
01.05.2025,"1,069.21",Euro
30.04.2025,"1,073.91",Euro
29.04.2025,"1,076.37",Euro
28.04.2025,"1,078.31",Euro
25.04.2025,"1,063.48",Euro
24.04.2025,"1,065.04",Euro
23.04.2025,"1,066.02",Euro
22.04.2025,"1,076.99",Euro
21.04.2025,"1,105.84",Euro
18.04.2025,"1,099.56",Euro
17.04.2025,"1,096.86",Euro
16.04.2025,"1,106.19",Euro
15.04.2025,"1,095.27",Euro
14.04.2025,"1,096.54",Euro
11.04.2025,"1,102.22",Euro
10.04.2025,"1,105.12",Euro
09.04.2025,"1,073.40",Euro
08.04.2025,"1,095.14",Euro
07.04.2025,"1,078.24",Euro
04.04.2025,"1,073.02",Euro
03.04.2025,"1,049.01",Euro
02.04.2025,"1,036.44",Euro
01.04.2025,"1,022.57",Euro
31.03.2025,"1,025.32",Euro
28.03.2025,"1,029.03",Euro
27.03.2025,"1,008.06",Euro
26.03.2025,994.86,Euro
25.03.2025,991.79,Euro
24.03.2025,"1,001.11",Euro
21.03.2025,"1,004.04",Euro
20.03.2025,"1,005.31",Euro
19.03.2025,998.91,Euro
18.03.2025,"1,003.21",Euro
17.03.2025,"1,005.55",Euro
14.03.2025,"1,010.29",Euro
13.03.2025,"1,013.45",Euro
12.03.2025,"1,019.43",Euro
11.03.2025,"1,018.79",Euro
10.03.2025,"1,021.89",Euro
07.03.2025,"1,006.60",Euro
06.03.2025,"1,001.31",Euro
05.03.2025,"1,001.00",Euro
04.03.2025,"1,002.69",Euro
03.03.2025,996.27,Euro
28.02.2025,994.11,Euro
27.02.2025,988.39,Euro
26.02.2025,986.65,Euro
25.02.2025,990.41,Euro
24.02.2025,987.32,Euro
21.02.2025,985.45,Euro
20.02.2025,989.09,Euro
19.02.2025,990,Euro
18.02.2025,990.19,Euro
17.02.2025,993.17,Euro
14.02.2025,985.37,Euro
13.02.2025,986.49,Euro
12.02.2025,986.17,Euro
11.02.2025,994.44,Euro
10.02.2025,990.41,Euro
07.02.2025,993.08,Euro
06.02.2025,998.42,Euro
05.02.2025,"1,009.64",Euro
04.02.2025,"1,008.38",Euro
03.02.2025,"1,018.29",Euro
31.01.2025,"1,015.87",Euro
30.01.2025,"1,020.59",Euro
29.01.2025,"1,031.51",Euro
28.01.2025,"1,036.21",Euro
27.01.2025,"1,033.87",Euro
24.01.2025,"1,028.68",Euro
23.01.2025,"1,027.92",Euro
22.01.2025,"1,030.88",Euro
21.01.2025,"1,045.14",Euro
20.01.2025,"1,040.88",Euro
17.01.2025,"1,033.04",Euro
16.01.2025,"1,042.16",Euro
15.01.2025,"1,033.38",Euro
14.01.2025,"1,032.97",Euro
13.01.2025,"1,030.01",Euro
10.01.2025,"1,034.90",Euro
09.01.2025,"1,035.98",Euro
08.01.2025,"1,031.86",Euro
07.01.2025,"1,038.18",Euro
06.01.2025,"1,049.39",Euro
03.01.2025,"1,047.43",Euro
02.01.2025,"1,030.13",Euro
01.01.2025,"1,027.84",Euro
31.12.2024,"1,027.64",Euro
30.12.2024,"1,033.00",Euro
27.12.2024,"1,033.82",Euro
26.12.2024,"1,030.46",Euro
25.12.2024,"1,029.01",Euro
24.12.2024,"1,028.32",Euro
23.12.2024,"1,029.74",Euro
20.12.2024,"1,030.91",Euro
19.12.2024,"1,026.87",Euro
18.12.2024,"1,028.24",Euro
17.12.2024,"1,034.80",Euro
16.12.2024,"1,039.79",Euro
13.12.2024,"1,035.32",Euro
12.12.2024,"1,023.01",Euro
11.12.2024,"1,022.44",Euro
10.12.2024,"1,023.63",Euro
09.12.2024,"1,022.54",Euro
06.12.2024,"1,030.21",Euro
05.12.2024,"1,025.60",Euro
04.12.2024,"1,023.62",Euro
03.12.2024,"1,021.47",Euro
02.12.2024,"1,026.53",Euro
29.11.2024,"1,029.11",Euro
28.11.2024,"1,032.70",Euro
27.11.2024,"1,032.21",Euro
26.11.2024,"1,024.27",Euro
25.11.2024,"1,023.69",Euro
22.11.2024,"1,028.11",Euro
21.11.2024,"1,019.69",Euro
20.11.2024,"1,025.61",Euro
19.11.2024,"1,029.36",Euro
18.11.2024,"1,030.56",Euro
15.11.2024,"1,032.40",Euro
14.11.2024,"1,027.53",Euro
13.11.2024,"1,033.87",Euro
12.11.2024,"1,046.68",Euro
11.11.2024,"1,043.13",Euro
08.11.2024,"1,039.83",Euro
07.11.2024,"1,025.08",Euro
06.11.2024,"1,030.24",Euro
05.11.2024,"1,043.71",Euro
04.11.2024,"1,037.85",Euro
01.11.2024,"1,040.83",Euro
31.10.2024,"1,045.99",Euro
30.10.2024,"1,044.05",Euro
29.10.2024,"1,032.15",Euro
28.10.2024,"1,023.72",Euro
25.10.2024,"1,023.83",Euro
24.10.2024,"1,025.09",Euro
23.10.2024,"1,019.02",Euro
22.10.2024,"1,022.15",Euro
21.10.2024,"1,030.56",Euro
18.10.2024,"1,036.04",Euro
17.10.2024,"1,024.74",Euro
16.10.2024,"1,013.33",Euro
15.10.2024,"1,026.27",Euro
14.10.2024,"1,011.70",Euro
11.10.2024,"1,013.20",Euro
10.10.2024,"1,015.75",Euro
09.10.2024,"1,020.06",Euro
08.10.2024,"1,023.01",Euro
07.10.2024,"1,015.79",Euro
04.10.2024,"1,014.22",Euro
03.10.2024,"1,014.76",Euro
02.10.2024,"1,006.20",Euro
01.10.2024,"1,000.29",Euro
30.09.2024,"1,000.50",Euro
27.09.2024,"1,004.28",Euro
26.09.2024,"1,006.79",Euro
25.09.2024,"1,015.46",Euro
24.09.2024,"1,017.84",Euro
23.09.2024,"1,023.86",Euro
20.09.2024,"1,038.43",Euro
19.09.2024,"1,038.36",Euro
18.09.2024,"1,035.70",Euro
17.09.2024,"1,032.96",Euro
16.09.2024,"1,025.70",Euro
13.09.2024,"1,025.67",Euro
12.09.2024,"1,031.54",Euro
11.09.2024,"1,034.37",Euro
10.09.2024,"1,045.53",Euro
09.09.2024,"1,041.97",Euro
06.09.2024,"1,045.79",Euro
05.09.2024,"1,046.90",Euro
04.09.2024,"1,044.73",Euro
03.09.2024,"1,025.53",Euro
02.09.2024,"1,015.29",Euro
30.08.2024,"1,008.34",Euro
29.08.2024,"1,010.54",Euro
28.08.2024,"1,014.76",Euro
27.08.2024,"1,013.68",Euro
26.08.2024,"1,010.47",Euro
23.08.2024,"1,016.05",Euro
22.08.2024,"1,021.00",Euro
21.08.2024,"1,021.09",Euro
20.08.2024,"1,027.78",Euro
19.08.2024,"1,023.40",Euro
16.08.2024,"1,034.32",Euro
15.08.2024,"1,022.94",Euro
14.08.2024,"1,028.01",Euro
13.08.2024,"1,022.71",Euro
12.08.2024,"1,021.28",Euro
09.08.2024,"1,017.40",Euro
08.08.2024,"1,021.05",Euro
07.08.2024,"1,029.64",Euro
06.08.2024,"1,031.68",Euro
05.08.2024,"1,044.93",Euro
02.08.2024,"1,036.83",Euro
01.08.2024,"1,026.98",Euro
31.07.2024,"1,020.26",Euro
30.07.2024,"1,031.10",Euro
29.07.2024,"1,034.62",Euro
26.07.2024,"1,033.80",Euro
25.07.2024,"1,029.42",Euro
24.07.2024,"1,026.25",Euro
23.07.2024,"1,026.29",Euro
22.07.2024,"1,024.42",Euro
19.07.2024,"1,030.95",Euro
18.07.2024,"1,024.86",Euro
17.07.2024,"1,012.11",Euro
16.07.2024,992.06,Euro
15.07.2024,989.07,Euro
12.07.2024,987.11,Euro
11.07.2024,992.28,Euro
10.07.2024,987.12,Euro
09.07.2024,"1,004.87",Euro
08.07.2024,"1,016.84",Euro
05.07.2024,"1,014.85",Euro
04.07.2024,"1,010.05",Euro
03.07.2024,"1,013.01",Euro
02.07.2024,"1,015.20",Euro
01.07.2024,"1,015.78",Euro
28.06.2024,"1,007.50",Euro
27.06.2024,"1,020.01",Euro
26.06.2024,"1,015.25",Euro
25.06.2024,"1,007.11",Euro
24.06.2024,"1,014.60",Euro
21.06.2024,"1,006.16",Euro
20.06.2024,997.24,Euro
19.06.2024,"1,000.07",Euro
18.06.2024,"1,005.09",Euro
17.06.2024,"1,003.74",Euro
14.06.2024,998.36,Euro
13.06.2024,984.29,Euro
12.06.2024,989.36,Euro
11.06.2024,990.94,Euro
10.06.2024,990.41,Euro
07.06.2024,992.41,Euro
06.06.2024,988.25,Euro
05.06.2024,987.05,Euro
04.06.2024,984.57,Euro
03.06.2024,982.05,Euro
31.05.2024,995.51,Euro
30.05.2024,993.72,Euro
29.05.2024,984.31,Euro
28.05.2024,972.61,Euro
27.05.2024,978.52,Euro
24.05.2024,978.71,Euro
23.05.2024,985.28,Euro
22.05.2024,981.9,Euro
21.05.2024,963.66,Euro
20.05.2024,965.13,Euro
17.05.2024,965.72,Euro
16.05.2024,976.39,Euro
15.05.2024,983.84,Euro
14.05.2024,988.66,Euro
13.05.2024,995.09,Euro
10.05.2024,997.32,Euro
09.05.2024,996.7,Euro
08.05.2024,"1,006.47",Euro
07.05.2024,"1,007.45",Euro
06.05.2024,"1,001.21",Euro
03.05.2024,"1,009.94",Euro
02.05.2024,"1,012.33",Euro
01.05.2024,"1,027.62",Euro
30.04.2024,"1,022.72",Euro
29.04.2024,"1,009.19",Euro
26.04.2024,"1,014.49",Euro
25.04.2024,"1,018.00",Euro
24.04.2024,"1,015.79",Euro
23.04.2024,"1,022.40",Euro
22.04.2024,"1,013.64",Euro
19.04.2024,"1,016.86",Euro
18.04.2024,"1,027.79",Euro
17.04.2024,"1,043.09",Euro
16.04.2024,"1,040.36",Euro
15.04.2024,"1,039.04",Euro
12.04.2024,"1,026.29",Euro
11.04.2024,"1,023.82",Euro
10.04.2024,"1,024.38",Euro
09.04.2024,"1,021.37",Euro
08.04.2024,"1,024.90",Euro
05.04.2024,"1,027.32",Euro
04.04.2024,"1,020.55",Euro
03.04.2024,"1,034.20",Euro
02.04.2024,"1,049.02",Euro
01.04.2024,"1,057.33",Euro
29.03.2024,"1,056.41",Euro
28.03.2024,"1,056.01",Euro
27.03.2024,"1,059.13",Euro
26.03.2024,"1,061.23",Euro
25.03.2024,"1,059.44",Euro
22.03.2024,"1,061.55",Euro
21.03.2024,"1,055.58",Euro
20.03.2024,"1,051.04",Euro
19.03.2024,"1,049.54",Euro
18.03.2024,"1,029.97",Euro
15.03.2024,"1,024.93",Euro
14.03.2024,"1,022.57",Euro
13.03.2024,"1,033.35",Euro
12.03.2024,"1,043.91",Euro
11.03.2024,"1,055.89",Euro
08.03.2024,"1,050.50",Euro
07.03.2024,"1,073.23",Euro
06.03.2024,"1,073.49",Euro
05.03.2024,"1,064.17",Euro
04.03.2024,"1,057.31",Euro
01.03.2024,"1,045.03",Euro
29.02.2024,"1,042.90",Euro
28.02.2024,"1,058.03",Euro
27.02.2024,"1,063.69",Euro
26.02.2024,"1,071.72",Euro
23.02.2024,"1,058.32",Euro
22.02.2024,"1,059.57",Euro
21.02.2024,"1,046.98",Euro
20.02.2024,"1,038.71",Euro
19.02.2024,"1,040.03",Euro
16.02.2024,"1,047.50",Euro
15.02.2024,"1,039.43",Euro
14.02.2024,"1,027.49",Euro
13.02.2024,"1,037.49",Euro
12.02.2024,"1,044.35",Euro
09.02.2024,"1,045.42",Euro
08.02.2024,"1,040.75",Euro
07.02.2024,"1,027.45",Euro
06.02.2024,"1,017.76",Euro
05.02.2024,"1,024.05",Euro
02.02.2024,"1,020.92",Euro
01.02.2024,"1,012.74",Euro
31.01.2024,"1,004.81",Euro
30.01.2024,"1,008.38",Euro
29.01.2024,"1,006.85",Euro
26.01.2024,"1,003.10",Euro
25.01.2024,985.93,Euro
24.01.2024,989.1,Euro
23.01.2024,986.97,Euro
22.01.2024,989.08,Euro
19.01.2024,991.35,Euro
18.01.2024,997.15,Euro
17.01.2024,"1,002.25",Euro
16.01.2024,"1,005.69",Euro
15.01.2024,996.63,Euro
12.01.2024,995.81,Euro
11.01.2024,998.56,Euro
10.01.2024,"1,004.61",Euro
09.01.2024,"1,002.57",Euro
08.01.2024,987.55,Euro
05.01.2024,973.31,Euro
04.01.2024,971.33,Euro
03.01.2024,960.61,Euro
02.01.2024,967.53,Euro
01.01.2024,970.71,Euro
29.12.2023,971.81,Euro
28.12.2023,977.65,Euro
27.12.2023,978.78,Euro
26.12.2023,983.81,Euro
25.12.2023,981.77,Euro
22.12.2023,982.04,Euro
21.12.2023,966.5,Euro
20.12.2023,953.47,Euro
19.12.2023,945.58,Euro
18.12.2023,954.58,Euro
15.12.2023,947.19,Euro
14.12.2023,950.48,Euro
13.12.2023,945.95,Euro
12.12.2023,943.49,Euro
11.12.2023,948.04,Euro
08.12.2023,936.53,Euro
07.12.2023,941.3,Euro
06.12.2023,936.99,Euro
05.12.2023,946.61,Euro
04.12.2023,939.1,Euro
01.12.2023,934.48,Euro
30.11.2023,946.94,Euro
29.11.2023,952.07,Euro
28.11.2023,952.87,Euro
27.11.2023,953.46,Euro
24.11.2023,951.69,Euro
23.11.2023,952.33,Euro
22.11.2023,948.64,Euro
21.11.2023,946.96,Euro
20.11.2023,959.7,Euro
17.11.2023,965.18,Euro
16.11.2023,957.75,Euro
15.11.2023,961.07,Euro
14.11.2023,969.54,Euro
13.11.2023,986.66,Euro
10.11.2023,973.57,Euro
09.11.2023,976.63,Euro
08.11.2023,962.7,Euro
07.11.2023,945.56,Euro
06.11.2023,945.55,Euro
03.11.2023,937.85,Euro
02.11.2023,943.16,Euro
01.11.2023,946.13,Euro
31.10.2023,946.08,Euro
30.10.2023,962.52,Euro
27.10.2023,958.37,Euro
26.10.2023,985.54,Euro
25.10.2023,974.49,Euro
24.10.2023,980.42,Euro
23.10.2023,993.51,Euro
20.10.2023,999.59,Euro
19.10.2023,995.14,Euro
18.10.2023,992.45,Euro
17.10.2023,990.3,Euro
16.10.2023,999.9,Euro
13.10.2023,987.32,Euro
12.10.2023,987.18,Euro
11.10.2023,982.23,Euro
10.10.2023,983.22,Euro
09.10.2023,975.2,Euro
06.10.2023,977.14,Euro
05.10.2023,964.09,Euro
04.10.2023,960.92,Euro
03.10.2023,959.43,Euro
02.10.2023,951.36,Euro
29.09.2023,941.47,Euro
28.09.2023,955.54,Euro
27.09.2023,954.14,Euro
26.09.2023,955.21,Euro
25.09.2023,956.22,Euro
22.09.2023,952.71,Euro
21.09.2023,946.78,Euro
20.09.2023,940.66,Euro
19.09.2023,943.46,Euro
18.09.2023,944.61,Euro
15.09.2023,941.52,Euro
14.09.2023,945.75,Euro
13.09.2023,944.92,Euro
12.09.2023,960.08,Euro
11.09.2023,957.97,Euro
08.09.2023,957.07,Euro
07.09.2023,944.94,Euro
06.09.2023,934.32,Euro
05.09.2023,937.33,Euro
04.09.2023,927,Euro
01.09.2023,916.55,Euro
31.08.2023,923.44,Euro
30.08.2023,928.59,Euro
29.08.2023,933.66,Euro
28.08.2023,923.23,Euro
25.08.2023,912.63,Euro
24.08.2023,913.14,Euro
23.08.2023,928.64,Euro
22.08.2023,942.94,Euro
21.08.2023,947.63,Euro
18.08.2023,946.04,Euro
17.08.2023,941.86,Euro
16.08.2023,945.49,Euro
15.08.2023,940.52,Euro
14.08.2023,933.87,Euro
11.08.2023,939,Euro
10.08.2023,928.44,Euro
09.08.2023,944.94,Euro
08.08.2023,943.39,Euro
07.08.2023,944.47,Euro
04.08.2023,938.38,Euro
03.08.2023,930.68,Euro
02.08.2023,927.29,Euro
01.08.2023,922.82,Euro
31.07.2023,921.96,Euro
28.07.2023,912.85,Euro
27.07.2023,910.19,Euro
26.07.2023,912.33,Euro
25.07.2023,915.44,Euro
24.07.2023,915.46,Euro
21.07.2023,914.15,Euro
20.07.2023,908.16,Euro
19.07.2023,902.45,Euro
18.07.2023,914.98,Euro
17.07.2023,919.22,Euro
14.07.2023,913.54,Euro
13.07.2023,909.84,Euro
12.07.2023,902.67,Euro
11.07.2023,896.96,Euro
10.07.2023,894.08,Euro
07.07.2023,885.06,Euro
06.07.2023,873.36,Euro
05.07.2023,864.58,Euro
04.07.2023,868.42,Euro
03.07.2023,870.95,Euro
30.06.2023,873.81,Euro
29.06.2023,872.38,Euro
28.06.2023,873.1,Euro
27.06.2023,874.42,Euro
26.06.2023,878.43,Euro
23.06.2023,877.44,Euro
22.06.2023,881.08,Euro
21.06.2023,882.87,Euro
20.06.2023,877.07,Euro
19.06.2023,868.66,Euro
16.06.2023,868.07,Euro
15.06.2023,867.92,Euro
14.06.2023,867.89,Euro
13.06.2023,866.52,Euro
12.06.2023,867.23,Euro
09.06.2023,846.33,Euro
08.06.2023,848.3,Euro
07.06.2023,846.19,Euro
06.06.2023,850.95,Euro
05.06.2023,854.82,Euro
02.06.2023,854.66,Euro
01.06.2023,865.17,Euro
31.05.2023,863.91,Euro
30.05.2023,863.26,Euro
29.05.2023,861.48,Euro
26.05.2023,855.45,Euro
25.05.2023,868.24,Euro
24.05.2023,867.26,Euro
23.05.2023,864.35,Euro
22.05.2023,860.45,Euro
19.05.2023,861.83,Euro
18.05.2023,857,Euro
17.05.2023,857.63,Euro
16.05.2023,867.17,Euro
15.05.2023,854.57,Euro
12.05.2023,851.46,Euro
11.05.2023,864.23,Euro
10.05.2023,865.15,Euro
09.05.2023,864.42,Euro
08.05.2023,877.29,Euro
05.05.2023,873.21,Euro
04.05.2023,879.56,Euro
03.05.2023,887.93,Euro
02.05.2023,889.87,Euro
01.05.2023,884.59,Euro
28.04.2023,888.61,Euro
27.04.2023,885.37,Euro
26.04.2023,888.33,Euro
25.04.2023,890.83,Euro
24.04.2023,898.63,Euro
21.04.2023,881.55,Euro
20.04.2023,869.86,Euro
19.04.2023,869.68,Euro
18.04.2023,871.03,Euro
17.04.2023,874.71,Euro
14.04.2023,876.48,Euro
13.04.2023,878,Euro
12.04.2023,883.1,Euro
11.04.2023,878.98,Euro
10.04.2023,889.13,Euro
07.04.2023,891.83,Euro
06.04.2023,893.8,Euro
05.04.2023,883.25,Euro
04.04.2023,884.29,Euro
03.04.2023,882.9,Euro
31.03.2023,861.09,Euro
30.03.2023,861.22,Euro
29.03.2023,859.77,Euro
28.03.2023,864.74,Euro
27.03.2023,869.61,Euro
24.03.2023,871.72,Euro
23.03.2023,874,Euro
22.03.2023,879.7,Euro
21.03.2023,885.61,Euro
20.03.2023,885.24,Euro
17.03.2023,881.66,Euro
16.03.2023,873.11,Euro
15.03.2023,868.15,Euro
14.03.2023,860.92,Euro
13.03.2023,864.11,Euro
10.03.2023,851.76,Euro
09.03.2023,842.17,Euro
08.03.2023,848.4,Euro
07.03.2023,849.12,Euro
06.03.2023,850.24,Euro
03.03.2023,853.22,Euro
02.03.2023,860.45,Euro
01.03.2023,864.49,Euro
28.02.2023,875.13,Euro
27.02.2023,883.24,Euro
24.02.2023,871.1,Euro
23.02.2023,855.44,Euro
22.02.2023,849.01,Euro
21.02.2023,855.01,Euro
20.02.2023,852.69,Euro
17.02.2023,842.49,Euro
16.02.2023,843.89,Euro
15.02.2023,846.33,Euro
14.02.2023,842.38,Euro
13.02.2023,852.86,Euro
10.02.2023,852.12,Euro
09.02.2023,859.42,Euro
08.02.2023,857.79,Euro
07.02.2023,850.51,Euro
06.02.2023,861.93,Euro
03.02.2023,858.75,Euro
02.02.2023,850.49,Euro
01.02.2023,863.85,Euro
31.01.2023,864.05,Euro
30.01.2023,874.89,Euro
27.01.2023,875.59,Euro
26.01.2023,873.33,Euro
25.01.2023,876.64,Euro
24.01.2023,871.63,Euro
23.01.2023,883.6,Euro
20.01.2023,883.79,Euro
19.01.2023,890.46,Euro
18.01.2023,888.41,Euro
17.01.2023,878.53,Euro
16.01.2023,888.1,Euro
13.01.2023,883.49,Euro
12.01.2023,886.63,Euro
11.01.2023,885.24,Euro
10.01.2023,886.52,Euro
09.01.2023,895.62,Euro
06.01.2023,895.09,Euro
05.01.2023,895.67,Euro
04.01.2023,906.17,Euro
03.01.2023,909.83,Euro
02.01.2023,903.92,Euro
30.12.2022,907.32,Euro
29.12.2022,912.63,Euro
28.12.2022,915.17,Euro
27.12.2022,922.74,Euro
26.12.2022,932.58,Euro
23.12.2022,931.43,Euro
22.12.2022,921.36,Euro
21.12.2022,923.31,Euro
20.12.2022,939.88,Euro
19.12.2022,943.05,Euro
16.12.2022,936.78,Euro
15.12.2022,932.38,Euro
14.12.2022,929.39,Euro
13.12.2022,909.84,Euro
12.12.2022,913.55,Euro
09.12.2022,906.4,Euro
08.12.2022,911.27,Euro
07.12.2022,909.52,Euro
06.12.2022,918.76,Euro
05.12.2022,938.83,Euro
02.12.2022,929.73,Euro
01.12.2022,924.07,Euro
30.11.2022,924.85,Euro
29.11.2022,929.53,Euro
28.11.2022,943.25,Euro
25.11.2022,956.94,Euro
24.11.2022,946.35,Euro
23.11.2022,951.51,Euro
22.11.2022,954.02,Euro
21.11.2022,964.34,Euro
18.11.2022,970.32,Euro
17.11.2022,954.42,Euro
16.11.2022,946.87,Euro
15.11.2022,917.31,Euro
14.11.2022,919.7,Euro
11.11.2022,921.86,Euro
10.11.2022,911.98,Euro
09.11.2022,907.64,Euro
08.11.2022,913.08,Euro
07.11.2022,918.14,Euro
04.11.2022,921.13,Euro
03.11.2022,920.69,Euro
02.11.2022,926.97,Euro
01.11.2022,931.11,Euro
31.10.2022,932.02,Euro
28.10.2022,938.81,Euro
27.10.2022,940.86,Euro
26.10.2022,958.32,Euro
25.10.2022,962.37,Euro
24.10.2022,973.87,Euro
21.10.2022,958.69,Euro
20.10.2022,956.83,Euro
19.10.2022,951.45,Euro
18.10.2022,958.3,Euro
17.10.2022,955.66,Euro
14.10.2022,933.64,Euro
13.10.2022,916.46,Euro
12.10.2022,915.21,Euro
11.10.2022,898.62,Euro
10.10.2022,908.79,Euro
07.10.2022,912.68,Euro
06.10.2022,923,Euro
05.10.2022,928.62,Euro
04.10.2022,929.81,Euro
03.10.2022,922.55,Euro
30.09.2022,947.2,Euro
29.09.2022,944.84,Euro
28.09.2022,929.62,Euro
27.09.2022,943.64,Euro
26.09.2022,953.62,Euro
23.09.2022,938.73,Euro
22.09.2022,927.92,Euro
21.09.2022,919.95,Euro
20.09.2022,928.97,Euro
19.09.2022,924.31,Euro
16.09.2022,923.3,Euro
15.09.2022,922.24,Euro
14.09.2022,918.84,Euro
13.09.2022,913.2,Euro
12.09.2022,908.5,Euro
09.09.2022,907.49,Euro
08.09.2022,880.96,Euro
07.09.2022,882.52,Euro
06.09.2022,883.25,Euro
05.09.2022,874.87,Euro
02.09.2022,873.97,Euro
01.09.2022,891.6,Euro
31.08.2022,901.61,Euro
30.08.2022,890.97,Euro
29.08.2022,881.62,Euro
26.08.2022,889.22,Euro
25.08.2022,894.84,Euro
24.08.2022,916.78,Euro
23.08.2022,912.49,Euro
22.08.2022,932.02,Euro
19.08.2022,947.26,Euro
18.08.2022,936.57,Euro
17.08.2022,913.3,Euro
16.08.2022,896.03,Euro
15.08.2022,894.65,Euro
12.08.2022,897.5,Euro
11.08.2022,911.92,Euro
10.08.2022,912.52,Euro
09.08.2022,921.95,Euro
08.08.2022,923.11,Euro
05.08.2022,934.3,Euro
04.08.2022,924.14,Euro
03.08.2022,926.15,Euro
02.08.2022,924.09,Euro
01.08.2022,914.51,Euro
29.07.2022,919.11,Euro
28.07.2022,923.78,Euro
27.07.2022,925.27,Euro
26.07.2022,934.84,Euro
25.07.2022,957.51,Euro
22.07.2022,970.83,Euro
21.07.2022,949.54,Euro
20.07.2022,942.42,Euro
19.07.2022,946.79,Euro
18.07.2022,957.96,Euro
15.07.2022,979.76,Euro
14.07.2022,"1,050.98",Euro
13.07.2022,"1,014.85",Euro
12.07.2022,"1,022.97",Euro
11.07.2022,997.22,Euro
08.07.2022,990.53,Euro
07.07.2022,965.24,Euro
06.07.2022,986.9,Euro
05.07.2022,978.2,Euro
04.07.2022,967.38,Euro
01.07.2022,971.77,Euro
30.06.2022,960.47,Euro
29.06.2022,966.65,Euro
28.06.2022,957.51,Euro
27.06.2022,973.78,Euro
24.06.2022,967.56,Euro
23.06.2022,949.95,Euro
22.06.2022,939.1,Euro
21.06.2022,918.15,Euro
20.06.2022,927,Euro
17.06.2022,919.48,Euro
16.06.2022,913.77,Euro
15.06.2022,893.92,Euro
14.06.2022,904.13,Euro
13.06.2022,896.9,Euro
10.06.2022,887.26,Euro
09.06.2022,875.55,Euro
08.06.2022,879.83,Euro
07.06.2022,881.6,Euro
06.06.2022,879.1,Euro
03.06.2022,869.44,Euro
02.06.2022,873.16,Euro
01.06.2022,876.25,Euro
31.05.2022,883.73,Euro
30.05.2022,894.43,Euro
27.05.2022,886,Euro
26.05.2022,883.66,Euro
25.05.2022,888.26,Euro
24.05.2022,890.81,Euro
23.05.2022,887.11,Euro
20.05.2022,882.76,Euro
19.05.2022,886.13,Euro
18.05.2022,893.84,Euro
17.05.2022,896.6,Euro
16.05.2022,894.03,Euro
13.05.2022,895.19,Euro
12.05.2022,897.9,Euro
11.05.2022,905.61,Euro
10.05.2022,911.53,Euro
09.05.2022,915.12,Euro
06.05.2022,905.74,Euro
05.05.2022,908.23,Euro
04.05.2022,905.87,Euro
03.05.2022,899.35,Euro
02.05.2022,903.05,Euro
29.04.2022,897.18,Euro
28.04.2022,899.57,Euro
27.04.2022,892.5,Euro
26.04.2022,900.15,Euro
25.04.2022,904.54,Euro
22.04.2022,902.54,Euro
21.04.2022,892.62,Euro
20.04.2022,882.95,Euro
19.04.2022,883.7,Euro
18.04.2022,880.08,Euro
15.04.2022,879.45,Euro
14.04.2022,881.72,Euro
13.04.2022,877.11,Euro
12.04.2022,873.01,Euro
11.04.2022,888.22,Euro
08.04.2022,885.2,Euro
07.04.2022,875.92,Euro
06.04.2022,870.6,Euro
05.04.2022,857.96,Euro
04.04.2022,854.01,Euro
01.04.2022,864.86,Euro
31.03.2022,869.58,Euro
30.03.2022,879.26,Euro
29.03.2022,863.94,Euro
28.03.2022,853.81,Euro
25.03.2022,853.42,Euro
24.03.2022,866.8,Euro
23.03.2022,871.11,Euro
22.03.2022,873.45,Euro
21.03.2022,873.17,Euro
18.03.2022,886.72,Euro
17.03.2022,885.55,Euro
16.03.2022,879.39,Euro
15.03.2022,885.83,Euro
14.03.2022,889.4,Euro
11.03.2022,878.64,Euro
10.03.2022,880.18,Euro
09.03.2022,890.32,Euro
08.03.2022,882.13,Euro
07.03.2022,880.73,Euro
04.03.2022,880.76,Euro
03.03.2022,879.75,Euro
02.03.2022,894.33,Euro
01.03.2022,896.11,Euro
28.02.2022,895.28,Euro
25.02.2022,902.48,Euro
24.02.2022,912.85,Euro
23.02.2022,893.64,Euro
22.02.2022,896.82,Euro
21.02.2022,902.3,Euro
18.02.2022,906.25,Euro
17.02.2022,902.55,Euro
16.02.2022,906.77,Euro
15.02.2022,908.71,Euro
14.02.2022,919.02,Euro
11.02.2022,918.17,Euro
10.02.2022,918.27,Euro
09.02.2022,927.24,Euro
08.02.2022,943.48,Euro
07.02.2022,942.91,Euro
04.02.2022,947.79,Euro
03.02.2022,935.15,Euro
02.02.2022,915.12,Euro
01.02.2022,903.49,Euro
31.01.2022,898.53,Euro
28.01.2022,905.42,Euro
27.01.2022,896.37,Euro
26.01.2022,901.66,Euro
25.01.2022,902.77,Euro
24.01.2022,913.23,Euro
21.01.2022,905.08,Euro
20.01.2022,906.98,Euro
19.01.2022,916.56,Euro
18.01.2022,925.34,Euro
17.01.2022,937.29,Euro
14.01.2022,934.67,Euro
13.01.2022,934.19,Euro
12.01.2022,941.64,Euro
11.01.2022,940.62,Euro
10.01.2022,945.55,Euro
07.01.2022,939.76,Euro
06.01.2022,944.89,Euro
05.01.2022,947.87,Euro
04.01.2022,955.48,Euro
03.01.2022,961.29,Euro
31.12.2021,967.53,Euro
30.12.2021,963.62,Euro
29.12.2021,962.59,Euro
28.12.2021,965.64,Euro
27.12.2021,969.56,Euro
24.12.2021,977.96,Euro
23.12.2021,972.2,Euro
22.12.2021,974.03,Euro
21.12.2021,982.81,Euro
20.12.2021,981.61,Euro
17.12.2021,946.39,Euro
16.12.2021,958.16,Euro
15.12.2021,959.94,Euro
14.12.2021,948.51,Euro
13.12.2021,948.93,Euro
10.12.2021,953.52,Euro
09.12.2021,957.65,Euro
08.12.2021,950.98,Euro
07.12.2021,945.56,Euro
06.12.2021,954.09,Euro
03.12.2021,950.72,Euro
02.12.2021,944.63,Euro
01.12.2021,949.13,Euro
30.11.2021,937.15,Euro
29.11.2021,951.5,Euro
26.11.2021,940.86,Euro
25.11.2021,919.31,Euro
24.11.2021,910.74,Euro
23.11.2021,914.07,Euro
22.11.2021,911.5,Euro
19.11.2021,934.7,Euro
18.11.2021,945.54,Euro
17.11.2021,938.01,Euro
16.11.2021,918.79,Euro
15.11.2021,904.95,Euro
12.11.2021,915.94,Euro
11.11.2021,908.19,Euro
10.11.2021,911.3,Euro
09.11.2021,917.32,Euro
08.11.2021,929.66,Euro
05.11.2021,938.06,Euro
04.11.2021,940.22,Euro
03.11.2021,943.35,Euro
02.11.2021,940.41,Euro
01.11.2021,941.32,Euro
29.10.2021,940.14,Euro
28.10.2021,940.95,Euro
27.10.2021,934.24,Euro
26.10.2021,931.71,Euro
25.10.2021,937.03,Euro
22.10.2021,948.66,Euro
21.10.2021,950.17,Euro
20.10.2021,947.76,Euro
19.10.2021,942.6,Euro
18.10.2021,948.17,Euro
15.10.2021,955.04,Euro
14.10.2021,957.22,Euro
13.10.2021,944.55,Euro
12.10.2021,948.42,Euro
11.10.2021,951.8,Euro
08.10.2021,953.12,Euro
07.10.2021,937.72,Euro
06.10.2021,939.42,Euro
05.10.2021,940.32,Euro
04.10.2021,936.14,Euro
01.10.2021,931.03,Euro
30.09.2021,938.67,Euro
29.09.2021,938.85,Euro
28.09.2021,937.25,Euro
27.09.2021,927.49,Euro
24.09.2021,928.19,Euro
23.09.2021,921.21,Euro
22.09.2021,919.86,Euro
21.09.2021,920.96,Euro
20.09.2021,924.57,Euro
17.09.2021,919.39,Euro
16.09.2021,921.42,Euro
15.09.2021,918.82,Euro
14.09.2021,924.55,Euro
13.09.2021,926.55,Euro
10.09.2021,931.04,Euro
09.09.2021,937.6,Euro
08.09.2021,929.6,Euro
07.09.2021,923.7,Euro
06.09.2021,916.48,Euro
03.09.2021,910.22,Euro
02.09.2021,911.43,Euro
01.09.2021,912.37,Euro
31.08.2021,912.24,Euro
30.08.2021,922.37,Euro
27.08.2021,922.66,Euro
26.08.2021,923.8,Euro
25.08.2021,921.91,Euro
24.08.2021,918.93,Euro
23.08.2021,920.28,Euro
20.08.2021,919.22,Euro
19.08.2021,917.14,Euro
18.08.2021,921.38,Euro
17.08.2021,924.66,Euro
16.08.2021,925.97,Euro
13.08.2021,914.36,Euro
12.08.2021,908.15,Euro
11.08.2021,904.89,Euro
10.08.2021,912.05,Euro
09.08.2021,921.33,Euro
06.08.2021,926.28,Euro
05.08.2021,919.99,Euro
04.08.2021,915.9,Euro
03.08.2021,919.62,Euro
02.08.2021,911.39,Euro
30.07.2021,897.61,Euro
29.07.2021,903.13,Euro
28.07.2021,901.71,Euro
27.07.2021,906.74,Euro
26.07.2021,896.39,Euro
23.07.2021,896.59,Euro
22.07.2021,886.69,Euro
21.07.2021,886.97,Euro
20.07.2021,892.61,Euro
19.07.2021,896.06,Euro
16.07.2021,894.41,Euro
15.07.2021,893.58,Euro
14.07.2021,881.33,Euro
13.07.2021,882.19,Euro
12.07.2021,881.33,Euro
09.07.2021,888.55,Euro
08.07.2021,891.11,Euro
07.07.2021,882.68,Euro
06.07.2021,882.51,Euro
05.07.2021,872.61,Euro
02.07.2021,870.64,Euro
01.07.2021,876.66,Euro
30.06.2021,867.43,Euro
29.06.2021,863.81,Euro
28.06.2021,875.76,Euro
25.06.2021,874.21,Euro
24.06.2021,874.96,Euro
23.06.2021,877.12,Euro
22.06.2021,884.49,Euro
21.06.2021,889.98,Euro
18.06.2021,887.19,Euro
17.06.2021,878.52,Euro
16.06.2021,875.23,Euro
15.06.2021,880.86,Euro
14.06.2021,871.03,Euro
11.06.2021,873.45,Euro
10.06.2021,875.29,Euro
09.06.2021,876.06,Euro
08.06.2021,873.76,Euro
07.06.2021,872.59,Euro
04.06.2021,873.2,Euro
03.06.2021,871.11,Euro
02.06.2021,877.95,Euro
01.06.2021,888.97,Euro
31.05.2021,883.17,Euro
28.05.2021,882.69,Euro
27.05.2021,883.04,Euro
26.05.2021,889.38,Euro
25.05.2021,899.03,Euro
24.05.2021,890.83,Euro
21.05.2021,877.62,Euro
20.05.2021,881.15,Euro
19.05.2021,869.91,Euro
18.05.2021,871.77,Euro
17.05.2021,868.55,Euro
14.05.2021,848.99,Euro
13.05.2021,854.28,Euro
12.05.2021,854.39,Euro
11.05.2021,852.75,Euro
10.05.2021,844.76,Euro
07.05.2021,845.18,Euro
06.05.2021,844.12,Euro
05.05.2021,845.93,Euro
04.05.2021,844.87,Euro
03.05.2021,848.97,Euro
30.04.2021,853.64,Euro
29.04.2021,859.17,Euro
28.04.2021,843.68,Euro
27.04.2021,847.92,Euro
26.04.2021,851.27,Euro
23.04.2021,862.78,Euro
22.04.2021,848.9,Euro
21.04.2021,839.79,Euro
20.04.2021,837.98,Euro
19.04.2021,842.79,Euro
16.04.2021,841.75,Euro
15.04.2021,835.55,Euro
14.04.2021,849.12,Euro
13.04.2021,845.76,Euro
12.04.2021,849.3,Euro
09.04.2021,845.51,Euro
08.04.2021,843.44,Euro
07.04.2021,846.91,Euro
06.04.2021,852.25,Euro
05.04.2021,852.02,Euro
02.04.2021,842.9,Euro
01.04.2021,843.83,Euro
31.03.2021,844.65,Euro
30.03.2021,853.87,Euro
29.03.2021,862.95,Euro
26.03.2021,863.92,Euro
25.03.2021,852.77,Euro
24.03.2021,859.11,Euro
23.03.2021,856.24,Euro
22.03.2021,854.92,Euro
19.03.2021,848.78,Euro
18.03.2021,858.15,Euro
17.03.2021,865.17,Euro
16.03.2021,865.82,Euro
15.03.2021,861.92,Euro
12.03.2021,864.91,Euro
11.03.2021,854.38,Euro
10.03.2021,863.53,Euro
09.03.2021,874.35,Euro
08.03.2021,871.8,Euro
05.03.2021,873.55,Euro
04.03.2021,875.79,Euro
03.03.2021,877.15,Euro
02.03.2021,881.03,Euro
01.03.2021,870.46,Euro
26.02.2021,873.57,Euro
25.02.2021,871.53,Euro
24.02.2021,852.18,Euro
23.02.2021,855.69,Euro
22.02.2021,858.8,Euro
19.02.2021,858.37,Euro
18.02.2021,859.13,Euro
17.02.2021,858.17,Euro
16.02.2021,869.54,Euro
15.02.2021,871.64,Euro
12.02.2021,874.31,Euro
11.02.2021,880.19,Euro
10.02.2021,878.26,Euro
09.02.2021,889.87,Euro
08.02.2021,885.77,Euro
05.02.2021,889.61,Euro
04.02.2021,879.69,Euro
03.02.2021,881.27,Euro
02.02.2021,881.93,Euro
01.02.2021,884.53,Euro
29.01.2021,891.5,Euro
28.01.2021,891.78,Euro
27.01.2021,894.12,Euro
26.01.2021,891.12,Euro
25.01.2021,889.34,Euro
22.01.2021,885,Euro
21.01.2021,872.2,Euro
20.01.2021,873.75,Euro
19.01.2021,893.69,Euro
18.01.2021,885.77,Euro
15.01.2021,887.19,Euro
14.01.2021,882.81,Euro
13.01.2021,896.27,Euro
12.01.2021,884.56,Euro
11.01.2021,873.79,Euro
08.01.2021,869.77,Euro
07.01.2021,874.18,Euro
06.01.2021,858.13,Euro
05.01.2021,855.35,Euro
04.01.2021,862.32,Euro
01.01.2021,861.42,Euro
31.12.2020,866.82,Euro
30.12.2020,872.95,Euro
29.12.2020,875.76,Euro
28.12.2020,869.26,Euro
25.12.2020,871.83,Euro
24.12.2020,870.47,Euro
23.12.2020,869.64,Euro
22.12.2020,878.57,Euro
21.12.2020,887.53,Euro
18.12.2020,888.65,Euro
17.12.2020,885.03,Euro
16.12.2020,895.02,Euro
15.12.2020,894.01,Euro
14.12.2020,892.63,Euro
11.12.2020,888.98,Euro
10.12.2020,891.39,Euro
09.12.2020,897.48,Euro
08.12.2020,900.68,Euro
07.12.2020,901.49,Euro
04.12.2020,901.16,Euro
03.12.2020,911.09,Euro
02.12.2020,915.38,Euro
01.12.2020,916.93,Euro
30.11.2020,907.36,Euro
27.11.2020,918.86,Euro
26.11.2020,911.39,Euro
25.11.2020,910.87,Euro
24.11.2020,919.81,Euro
23.11.2020,916.11,Euro
20.11.2020,905.49,Euro
19.11.2020,901.08,Euro
18.11.2020,898.48,Euro
17.11.2020,904.97,Euro
16.11.2020,908.06,Euro
13.11.2020,907.28,Euro
12.11.2020,897.99,Euro
11.11.2020,888.22,Euro
10.11.2020,891.05,Euro
09.11.2020,894.31,Euro
06.11.2020,891.73,Euro
05.11.2020,893.8,Euro
04.11.2020,883.56,Euro
03.11.2020,888.92,Euro
02.11.2020,893.18,Euro
30.10.2020,900.37,Euro
29.10.2020,900.8,Euro
28.10.2020,908.26,Euro
27.10.2020,911.46,Euro
26.10.2020,915.08,Euro
23.10.2020,919.67,Euro
22.10.2020,919.93,Euro
21.10.2020,928.28,Euro
20.10.2020,928.8,Euro
19.10.2020,926.43,Euro
16.10.2020,929.59,Euro
15.10.2020,941.1,Euro
14.10.2020,938.07,Euro
13.10.2020,937.99,Euro
12.10.2020,941.34,Euro
09.10.2020,939.06,Euro
08.10.2020,938.7,Euro
07.10.2020,934.37,Euro
06.10.2020,936.95,Euro
05.10.2020,940.61,Euro
02.10.2020,924.55,Euro
01.10.2020,923.64,Euro
30.09.2020,919.59,Euro
29.09.2020,920.78,Euro
28.09.2020,914.96,Euro
25.09.2020,916.28,Euro
24.09.2020,914.03,Euro
23.09.2020,912.29,Euro
22.09.2020,909.56,Euro
21.09.2020,911.25,Euro
18.09.2020,903.39,Euro
17.09.2020,901.53,Euro
16.09.2020,896.61,Euro
15.09.2020,903.84,Euro
14.09.2020,907.9,Euro
11.09.2020,911.79,Euro
10.09.2020,912.67,Euro
09.09.2020,903.63,Euro
08.09.2020,909.55,Euro
07.09.2020,915.23,Euro
04.09.2020,913,Euro
03.09.2020,918.83,Euro
02.09.2020,914.08,Euro
01.09.2020,918.42,Euro
31.08.2020,926.48,Euro
28.08.2020,927.64,Euro
27.08.2020,927.13,Euro
26.08.2020,928,Euro
25.08.2020,930.87,Euro
24.08.2020,925.88,Euro
21.08.2020,934.94,Euro
20.08.2020,932.43,Euro
19.08.2020,927.82,Euro
18.08.2020,947.46,Euro
17.08.2020,957.83,Euro
14.08.2020,943.23,Euro
13.08.2020,936.57,Euro
12.08.2020,932.84,Euro
11.08.2020,932.21,Euro
10.08.2020,945.14,Euro
07.08.2020,928.09,Euro
06.08.2020,916.99,Euro
05.08.2020,921.55,Euro
04.08.2020,910.08,Euro
03.08.2020,890.31,Euro
31.07.2020,890.85,Euro
30.07.2020,901.36,Euro
29.07.2020,892.51,Euro
28.07.2020,895.54,Euro
27.07.2020,901.77,Euro
24.07.2020,901.59,Euro
23.07.2020,892.85,Euro
22.07.2020,887.38,Euro
21.07.2020,888.78,Euro
20.07.2020,897.67,Euro
17.07.2020,899.45,Euro
16.07.2020,898.36,Euro
15.07.2020,891.12,Euro
14.07.2020,895.61,Euro
13.07.2020,894.69,Euro
10.07.2020,894.72,Euro
09.07.2020,889.18,Euro
08.07.2020,891.12,Euro
07.07.2020,889.2,Euro
06.07.2020,902.7,Euro
03.07.2020,902.24,Euro
02.07.2020,899.73,Euro
01.07.2020,909.29,Euro
30.06.2020,924.2,Euro
29.06.2020,921.51,Euro
26.06.2020,920.99,Euro
25.06.2020,906.03,Euro
24.06.2020,920.7,Euro
23.06.2020,925.66,Euro
22.06.2020,922.23,Euro
19.06.2020,912.32,Euro
18.06.2020,915.16,Euro
17.06.2020,900.13,Euro
16.06.2020,882.49,Euro
15.06.2020,886.16,Euro
12.06.2020,890.95,Euro
11.06.2020,894.84,Euro
10.06.2020,878.86,Euro
09.06.2020,872.19,Euro
08.06.2020,865.9,Euro
05.06.2020,864.44,Euro
04.06.2020,873.31,Euro
03.06.2020,881.94,Euro
02.06.2020,867.38,Euro
01.06.2020,881.81,Euro
29.05.2020,886.06,Euro
28.05.2020,895.31,Euro
27.05.2020,901.87,Euro
26.05.2020,885.33,Euro
25.05.2020,876.48,Euro
22.05.2020,880.56,Euro
21.05.2020,879.07,Euro
20.05.2020,881.93,Euro
19.05.2020,893.53,Euro
18.05.2020,893.04,Euro
15.05.2020,894.54,Euro
14.05.2020,887.53,Euro
13.05.2020,882.7,Euro
12.05.2020,893.78,Euro
11.05.2020,888.24,Euro
08.05.2020,894.6,Euro
07.05.2020,905.82,Euro
06.05.2020,908.97,Euro
05.05.2020,903.48,Euro
04.05.2020,912.23,Euro
01.05.2020,914.99,Euro
30.04.2020,912.99,Euro
29.04.2020,906.32,Euro
28.04.2020,912.99,Euro
27.04.2020,927.09,Euro
24.04.2020,926.84,Euro
23.04.2020,926.05,Euro
22.04.2020,928.53,Euro
21.04.2020,930.09,Euro
20.04.2020,929.52,Euro
17.04.2020,926.24,Euro
16.04.2020,922.11,Euro
15.04.2020,932.77,Euro
14.04.2020,930.96,Euro
13.04.2020,925.97,Euro
10.04.2020,918.54,Euro
09.04.2020,917.96,Euro
08.04.2020,914.98,Euro
07.04.2020,934.42,Euro
06.04.2020,916.73,Euro
03.04.2020,934.35,Euro
02.04.2020,934.07,Euro
01.04.2020,946.7,Euro
31.03.2020,942.13,Euro
30.03.2020,946.63,Euro
27.03.2020,929.86,Euro
26.03.2020,912.46,Euro
25.03.2020,918.82,Euro
24.03.2020,911.72,Euro
23.03.2020,922.54,Euro
20.03.2020,923,Euro
19.03.2020,921.68,Euro
18.03.2020,947.03,Euro
17.03.2020,932.57,Euro
16.03.2020,952.62,Euro
13.03.2020,930.27,Euro
12.03.2020,948.45,Euro
11.03.2020,946.74,Euro
10.03.2020,939.35,Euro
09.03.2020,959.1,Euro
06.03.2020,932.33,Euro
05.03.2020,926.63,Euro
04.03.2020,912.3,Euro
03.03.2020,907.68,Euro
02.03.2020,903.38,Euro
28.02.2020,900.97,Euro
27.02.2020,894.42,Euro
26.02.2020,882.61,Euro
25.02.2020,883.76,Euro
24.02.2020,875.79,Euro
21.02.2020,869.94,Euro
20.02.2020,869.98,Euro
19.02.2020,859.93,Euro
18.02.2020,859.61,Euro
17.02.2020,859.24,Euro
14.02.2020,856.87,Euro
13.02.2020,860.26,Euro
12.02.2020,859.44,Euro
11.02.2020,863.84,Euro
10.02.2020,865.32,Euro
07.02.2020,865.73,Euro
06.02.2020,859.79,Euro
05.02.2020,853.22,Euro
04.02.2020,862.79,Euro
03.02.2020,869.71,Euro
31.01.2020,886.7,Euro
30.01.2020,878.26,Euro
29.01.2020,871.91,Euro
28.01.2020,865.2,Euro
27.01.2020,867.78,Euro
24.01.2020,855.64,Euro
23.01.2020,857.64,Euro
22.01.2020,854.67,Euro
21.01.2020,857.44,Euro
20.01.2020,853.68,Euro
17.01.2020,857.26,Euro
16.01.2020,863.73,Euro
15.01.2020,863.6,Euro
14.01.2020,856.21,Euro
13.01.2020,861.76,Euro
10.01.2020,859.33,Euro
09.01.2020,852.31,Euro
08.01.2020,841.41,Euro
07.01.2020,857.72,Euro
06.01.2020,865.33,Euro
03.01.2020,852.34,Euro
02.01.2020,836.37,Euro
01.01.2020,842.43,Euro
31.12.2019,842.43,Euro
30.12.2019,842.1,Euro
27.12.2019,835.55,Euro
26.12.2019,827.1,Euro
25.12.2019,833.16,Euro
24.12.2019,829.73,Euro
23.12.2019,833.89,Euro
20.12.2019,837.88,Euro
19.12.2019,837.86,Euro
18.12.2019,834.32,Euro
17.12.2019,842.64,Euro
16.12.2019,847.91,Euro
13.12.2019,849.07,Euro
12.12.2019,854.19,Euro
11.12.2019,856.11,Euro
10.12.2019,864.57,Euro
09.12.2019,854.54,Euro
06.12.2019,857.99,Euro
05.12.2019,867,Euro
04.12.2019,871.65,Euro
03.12.2019,888.67,Euro
02.12.2019,889.93,Euro
29.11.2019,884.64,Euro
28.11.2019,911.16,Euro
27.11.2019,898.32,Euro
26.11.2019,878.47,Euro
25.11.2019,871.51,Euro
22.11.2019,880.58,Euro
21.11.2019,879.09,Euro
20.11.2019,874.83,Euro
19.11.2019,871.32,Euro
18.11.2019,858.51,Euro
15.11.2019,855.6,Euro
14.11.2019,884.02,Euro
13.11.2019,873.49,Euro
12.11.2019,858.38,Euro
11.11.2019,836.78,Euro
08.11.2019,823.2,Euro
07.11.2019,819.04,Euro
06.11.2019,818.17,Euro
05.11.2019,827.78,Euro
04.11.2019,824.27,Euro
01.11.2019,826.88,Euro
31.10.2019,825.77,Euro
30.10.2019,823.2,Euro
29.10.2019,807.92,Euro
28.10.2019,802.44,Euro
25.10.2019,804.65,Euro
24.10.2019,803.63,Euro
23.10.2019,807.44,Euro
22.10.2019,805.16,Euro
21.10.2019,809.04,Euro
18.10.2019,793.21,Euro
17.10.2019,791.22,Euro
16.10.2019,792.94,Euro
15.10.2019,788.66,Euro
14.10.2019,785.67,Euro
11.10.2019,783.27,Euro
10.10.2019,790.62,Euro
09.10.2019,793.28,Euro
08.10.2019,794.43,Euro
07.10.2019,788.23,Euro
04.10.2019,784.1,Euro
03.10.2019,785.21,Euro
02.10.2019,793.56,Euro
01.10.2019,796.64,Euro
30.09.2019,793.7,Euro
27.09.2019,793.91,Euro
26.09.2019,792.65,Euro
25.09.2019,794.86,Euro
24.09.2019,796.62,Euro
23.09.2019,792.23,Euro
20.09.2019,790.34,Euro
19.09.2019,790.41,Euro
18.09.2019,788.68,Euro
17.09.2019,791.37,Euro
16.09.2019,780.23,Euro
13.09.2019,782.84,Euro
12.09.2019,783.64,Euro
11.09.2019,787.87,Euro
10.09.2019,785.85,Euro
09.09.2019,789.16,Euro
06.09.2019,784.02,Euro
05.09.2019,789.43,Euro
04.09.2019,797.21,Euro
03.09.2019,795.35,Euro
02.09.2019,794.6,Euro
30.08.2019,792.09,Euro
29.08.2019,796.24,Euro
28.08.2019,800.92,Euro
27.08.2019,801.31,Euro
26.08.2019,798.42,Euro
23.08.2019,801.45,Euro
22.08.2019,791.79,Euro
21.08.2019,788.33,Euro
20.08.2019,786.81,Euro
19.08.2019,789.91,Euro
16.08.2019,784.84,Euro
15.08.2019,789.07,Euro
14.08.2019,791.13,Euro
13.08.2019,785.47,Euro
12.08.2019,799.86,Euro
09.08.2019,794.67,Euro
08.08.2019,793.16,Euro
07.08.2019,799.47,Euro
06.08.2019,799.76,Euro
05.08.2019,807.12,Euro
02.08.2019,791.26,Euro
01.08.2019,782.76,Euro
31.07.2019,778.95,Euro
30.07.2019,778.42,Euro
29.07.2019,774.98,Euro
26.07.2019,773.11,Euro
25.07.2019,775.75,Euro
24.07.2019,769.03,Euro
23.07.2019,770.62,Euro
22.07.2019,771.96,Euro
19.07.2019,771.88,Euro
18.07.2019,769.06,Euro
17.07.2019,765.4,Euro
16.07.2019,763.75,Euro
15.07.2019,764.09,Euro
12.07.2019,765.57,Euro
11.07.2019,765.2,Euro
10.07.2019,771.01,Euro
09.07.2019,770.91,Euro
08.07.2019,770.84,Euro
05.07.2019,767.15,Euro
04.07.2019,766,Euro
03.07.2019,764.36,Euro
02.07.2019,767.02,Euro
01.07.2019,766.93,Euro
28.06.2019,769.78,Euro
27.06.2019,772.3,Euro
26.06.2019,771.74,Euro
25.06.2019,774.29,Euro
24.06.2019,775.18,Euro
21.06.2019,776.67,Euro
20.06.2019,771.73,Euro
19.06.2019,775.01,Euro
18.06.2019,778.38,Euro
17.06.2019,784.7,Euro
14.06.2019,783.37,Euro
13.06.2019,784.69,Euro
12.06.2019,784.62,Euro
11.06.2019,784.02,Euro
10.06.2019,791.05,Euro
07.06.2019,784.82,Euro
06.06.2019,780.54,Euro
05.06.2019,777.19,Euro
04.06.2019,779.68,Euro
03.06.2019,790.4,Euro
31.05.2019,793.25,Euro
30.05.2019,789.76,Euro
29.05.2019,783.88,Euro
28.05.2019,789.21,Euro
27.05.2019,782.04,Euro
24.05.2019,776.91,Euro
23.05.2019,778.3,Euro
22.05.2019,777.61,Euro
21.05.2019,775.05,Euro
20.05.2019,777.17,Euro
17.05.2019,777.61,Euro
16.05.2019,775.05,Euro
15.05.2019,774.42,Euro
14.05.2019,775.45,Euro
13.05.2019,777.79,Euro
10.05.2019,770.39,Euro
09.05.2019,767.52,Euro
08.05.2019,765.59,Euro
07.05.2019,765.73,Euro
06.05.2019,759.64,Euro
03.05.2019,757.88,Euro
02.05.2019,761.59,Euro
01.05.2019,758.63,Euro
30.04.2019,759.57,Euro
29.04.2019,758.14,Euro
26.04.2019,752.32,Euro
25.04.2019,750.56,Euro
24.04.2019,750.06,Euro
23.04.2019,749.31,Euro
22.04.2019,747.48,Euro
19.04.2019,744.27,Euro
18.04.2019,743.15,Euro
17.04.2019,747.28,Euro
16.04.2019,746.18,Euro
15.04.2019,747.02,Euro
12.04.2019,746.58,Euro
11.04.2019,746.45,Euro
10.04.2019,746.23,Euro
09.04.2019,748.18,Euro
08.04.2019,747.14,Euro
05.04.2019,745.63,Euro
04.04.2019,745.7,Euro
03.04.2019,749.41,Euro
02.04.2019,753.91,Euro
01.04.2019,749.34,Euro
29.03.2019,762.81,Euro
28.03.2019,764.91,Euro
27.03.2019,765.64,Euro
26.03.2019,766.17,Euro
25.03.2019,768.45,Euro
22.03.2019,767.28,Euro
21.03.2019,758.55,Euro
20.03.2019,755.48,Euro
19.03.2019,756.86,Euro
18.03.2019,754.41,Euro
15.03.2019,758.21,Euro
14.03.2019,758.69,Euro
13.03.2019,756.62,Euro
12.03.2019,750.61,Euro
11.03.2019,753.79,Euro
08.03.2019,754.61,Euro
07.03.2019,747.34,Euro
06.03.2019,746.6,Euro
05.03.2019,743.835,Euro
04.03.2019,748.635,Euro
01.03.2019,750.565,Euro
28.02.2019,745.735,Euro
27.02.2019,738.17,Euro
26.02.2019,738.77,Euro
25.02.2019,738.985,Euro
22.02.2019,738.75,Euro
21.02.2019,741.99,Euro
20.02.2019,740.54,Euro
19.02.2019,743.55,Euro
18.02.2019,747.49,Euro
15.02.2019,747.605,Euro
14.02.2019,750.53,Euro
13.02.2019,747.31,Euro
12.02.2019,747.86,Euro
11.02.2019,746.395,Euro
08.02.2019,745.63,Euro
07.02.2019,747.225,Euro
06.02.2019,744.015,Euro
05.02.2019,743.625,Euro
04.02.2019,746.52,Euro
01.02.2019,749.225,Euro
31.01.2019,750.695,Euro
30.01.2019,762.005,Euro
29.01.2019,763.025,Euro
28.01.2019,766.575,Euro
25.01.2019,763.75,Euro
24.01.2019,759.935,Euro
23.01.2019,765.06,Euro
22.01.2019,765.34,Euro
21.01.2019,764.06,Euro
18.01.2019,762.635,Euro
17.01.2019,764.05,Euro
16.01.2019,762.585,Euro
15.01.2019,771,Euro
14.01.2019,773.18,Euro
11.01.2019,773.99,Euro
10.01.2019,777.23,Euro
09.01.2019,780.245,Euro
08.01.2019,778.51,Euro
07.01.2019,781.83,Euro
04.01.2019,776.23,Euro
03.01.2019,790.49,Euro
02.01.2019,790.365,Euro
01.01.2019,795.6,Euro
31.12.2018,796.055,Euro
28.12.2018,794.145,Euro
27.12.2018,796.995,Euro
26.12.2018,787.495,Euro
25.12.2018,784.12,Euro
24.12.2018,786.67,Euro
21.12.2018,788.68,Euro
20.12.2018,791.205,Euro
19.12.2018,785.865,Euro
18.12.2018,783.955,Euro
17.12.2018,780.99,Euro
14.12.2018,773.285,Euro
13.12.2018,775.275,Euro
12.12.2018,770.96,Euro
11.12.2018,773.695,Euro
10.12.2018,770.37,Euro
07.12.2018,767.73,Euro
06.12.2018,768.475,Euro
05.12.2018,763.09,Euro
04.12.2018,760.885,Euro
03.12.2018,759.81,Euro
30.11.2018,760.085,Euro
29.11.2018,763.9,Euro
28.11.2018,767.1,Euro
27.11.2018,762.435,Euro
26.11.2018,766.68,Euro
23.11.2018,765.18,Euro
22.11.2018,762.515,Euro
21.11.2018,758.785,Euro
20.11.2018,763.83,Euro
19.11.2018,766.895,Euro
16.11.2018,764.995,Euro
15.11.2018,763.115,Euro
14.11.2018,771.88,Euro
13.11.2018,780.775,Euro
12.11.2018,771.33,Euro
09.11.2018,775.9,Euro
08.11.2018,770.16,Euro
07.11.2018,771.79,Euro
06.11.2018,777.605,Euro
05.11.2018,774.965,Euro
02.11.2018,780.94,Euro
01.11.2018,785.45,Euro
31.10.2018,787.285,Euro
30.10.2018,786.77,Euro
29.10.2018,788.655,Euro
26.10.2018,784.32,Euro
25.10.2018,781.865,Euro
24.10.2018,786.73,Euro
23.10.2018,782.54,Euro
22.10.2018,782.31,Euro
19.10.2018,782.82,Euro
18.10.2018,774.48,Euro
17.10.2018,774.8,Euro
16.10.2018,774.71,Euro
15.10.2018,783.135,Euro
12.10.2018,785.88,Euro
11.10.2018,792.355,Euro
10.10.2018,792.865,Euro
09.10.2018,782.21,Euro
08.10.2018,780.39,Euro
05.10.2018,779.03,Euro
04.10.2018,777.52,Euro
03.10.2018,761.98,Euro
02.10.2018,763.87,Euro
01.10.2018,762.75,Euro
28.09.2018,763.68,Euro
27.09.2018,768.225,Euro
26.09.2018,778.295,Euro
25.09.2018,784.895,Euro
24.09.2018,790.93,Euro
21.09.2018,783.38,Euro
20.09.2018,785.485,Euro
19.09.2018,793.48,Euro
18.09.2018,797.92,Euro
17.09.2018,801.78,Euro
14.09.2018,799.02,Euro
13.09.2018,797.325,Euro
12.09.2018,801.265,Euro
11.09.2018,808.895,Euro
10.09.2018,807.35,Euro
07.09.2018,798.235,Euro
06.09.2018,798.35,Euro
05.09.2018,797.875,Euro
04.09.2018,801.59,Euro
03.09.2018,794.21,Euro
31.08.2018,790.89,Euro
30.08.2018,792.98,Euro
29.08.2018,781.855,Euro
28.08.2018,775.29,Euro
27.08.2018,769.76,Euro
24.08.2018,767.975,Euro
23.08.2018,772.86,Euro
22.08.2018,767.805,Euro
21.08.2018,768.31,Euro
20.08.2018,767.55,Euro
17.08.2018,763.65,Euro
16.08.2018,761.695,Euro
15.08.2018,757.51,Euro
14.08.2018,753.72,Euro
13.08.2018,753.39,Euro
10.08.2018,746.505,Euro
09.08.2018,745.855,Euro
08.08.2018,749.17,Euro
07.08.2018,745.96,Euro
06.08.2018,747.365,Euro
03.08.2018,744.915,Euro
02.08.2018,747.495,Euro
01.08.2018,749.67,Euro
31.07.2018,745.035,Euro
30.07.2018,747.545,Euro
27.07.2018,749.995,Euro
26.07.2018,753.755,Euro
25.07.2018,757.72,Euro
24.07.2018,765.14,Euro
23.07.2018,774.155,Euro
20.07.2018,774.32,Euro
19.07.2018,772.92,Euro
18.07.2018,759.67,Euro
17.07.2018,762.455,Euro
16.07.2018,761.3,Euro
13.07.2018,760.05,Euro
12.07.2018,757.645,Euro
11.07.2018,762.4,Euro
10.07.2018,761.34,Euro
09.07.2018,764.46,Euro
06.07.2018,771.71,Euro
05.07.2018,767.495,Euro
04.07.2018,759.535,Euro
03.07.2018,757.56,Euro
02.07.2018,765.595,Euro
29.06.2018,764.13,Euro
28.06.2018,751.405,Euro
27.06.2018,746.59,Euro
26.06.2018,746.63,Euro
25.06.2018,747.48,Euro
22.06.2018,744.015,Euro
21.06.2018,742.735,Euro
20.06.2018,741.115,Euro
19.06.2018,741.93,Euro
18.06.2018,740.09,Euro
15.06.2018,734.505,Euro
14.06.2018,738.345,Euro
13.06.2018,748.14,Euro
12.06.2018,748.86,Euro
11.06.2018,746.23,Euro
08.06.2018,741.45,Euro
07.06.2018,744.69,Euro
06.06.2018,739.22,Euro
05.06.2018,742.63,Euro
04.06.2018,738.565,Euro
01.06.2018,736.345,Euro
31.05.2018,737.29,Euro
30.05.2018,732,Euro
29.05.2018,726.385,Euro
28.05.2018,725.855,Euro
25.05.2018,727.97,Euro
24.05.2018,734.645,Euro
23.05.2018,728.66,Euro
22.05.2018,735.245,Euro
21.05.2018,751.18,Euro
18.05.2018,750.815,Euro
17.05.2018,746.215,Euro
16.05.2018,744.805,Euro
15.05.2018,748.72,Euro
14.05.2018,745.935,Euro
11.05.2018,740.085,Euro
10.05.2018,742.545,Euro
09.05.2018,751.775,Euro
08.05.2018,752.685,Euro
07.05.2018,750.415,Euro
04.05.2018,744.21,Euro
03.05.2018,741.55,Euro
02.05.2018,737.885,Euro
01.05.2018,736.205,Euro
30.04.2018,740.85,Euro
27.04.2018,735.285,Euro
26.04.2018,729.55,Euro
25.04.2018,734.45,Euro
24.04.2018,732.27,Euro
23.04.2018,736.21,Euro
20.04.2018,732.445,Euro
19.04.2018,735.09,Euro
18.04.2018,735.075,Euro
17.04.2018,737.93,Euro
16.04.2018,737.975,Euro
13.04.2018,735.005,Euro
12.04.2018,735.65,Euro
11.04.2018,739.155,Euro
10.04.2018,741.795,Euro
09.04.2018,744.465,Euro
06.04.2018,742.815,Euro
05.04.2018,739.145,Euro
04.04.2018,740.13,Euro
03.04.2018,740.29,Euro
02.04.2018,744.62,Euro
30.03.2018,744.155,Euro
29.03.2018,742.855,Euro
28.03.2018,743.565,Euro
27.03.2018,752,Euro
26.03.2018,752.4,Euro
23.03.2018,751.53,Euro
22.03.2018,749.29,Euro
21.03.2018,745.4,Euro
20.03.2018,746.74,Euro
19.03.2018,751.605,Euro
16.03.2018,747.78,Euro
15.03.2018,745.16,Euro
14.03.2018,743.75,Euro
13.03.2018,747.19,Euro
12.03.2018,744.85,Euro
09.03.2018,741.19,Euro
08.03.2018,746.365,Euro
07.03.2018,748.755,Euro
06.03.2018,744.48,Euro
05.03.2018,738.125,Euro
02.03.2018,737.51,Euro
01.03.2018,730.96,Euro
28.02.2018,725.445,Euro
27.02.2018,724.36,Euro
26.02.2018,723.935,Euro
23.02.2018,725.935,Euro
22.02.2018,730.245,Euro
21.02.2018,731.365,Euro
20.02.2018,734.42,Euro
19.02.2018,737.635,Euro
16.02.2018,736.235,Euro
15.02.2018,742.075,Euro
14.02.2018,739.375,Euro
13.02.2018,738.9,Euro
12.02.2018,735.085,Euro
09.02.2018,739.91,Euro
08.02.2018,738.68,Euro
07.02.2018,734.905,Euro
06.02.2018,741.74,Euro
05.02.2018,745.385,Euro
02.02.2018,751.18,Euro
01.02.2018,747.785,Euro
31.01.2018,748.115,Euro
30.01.2018,752.6,Euro
29.01.2018,747.37,Euro
26.01.2018,748.74,Euro
25.01.2018,743.49,Euro
24.01.2018,747.89,Euro
23.01.2018,749.72,Euro
22.01.2018,741.915,Euro
19.01.2018,743.055,Euro
18.01.2018,740.945,Euro
17.01.2018,739.44,Euro
16.01.2018,744.28,Euro
15.01.2018,739.645,Euro
12.01.2018,735.79,Euro
11.01.2018,728.675,Euro
10.01.2018,727.1,Euro
09.01.2018,725.59,Euro
08.01.2018,724.745,Euro
05.01.2018,728.595,Euro
04.01.2018,731.045,Euro
03.01.2018,729.25,Euro
02.01.2018,731.365,Euro
01.01.2018,739.095,Euro
29.12.2017,738.355,Euro
28.12.2017,734.255,Euro
27.12.2017,732.86,Euro
26.12.2017,734.11,Euro
25.12.2017,738.845,Euro
22.12.2017,738.09,Euro
21.12.2017,737.12,Euro
20.12.2017,735.795,Euro
19.12.2017,735.065,Euro
18.12.2017,732.93,Euro
15.12.2017,748.44,Euro
14.12.2017,752.2,Euro
13.12.2017,764.425,Euro
12.12.2017,768.06,Euro
11.12.2017,772.195,Euro
08.12.2017,771.25,Euro
07.12.2017,771.425,Euro
06.12.2017,771.585,Euro
05.12.2017,772.905,Euro
04.12.2017,768.885,Euro
01.12.2017,770.295,Euro
30.11.2017,770.605,Euro
29.11.2017,763.11,Euro
28.11.2017,759.4,Euro
27.11.2017,759.01,Euro
24.11.2017,756.485,Euro
23.11.2017,752.69,Euro
22.11.2017,748.895,Euro
21.11.2017,744.775,Euro
20.11.2017,746.89,Euro
17.11.2017,739.07,Euro
16.11.2017,741.85,Euro
15.11.2017,746.465,Euro
14.11.2017,745.355,Euro
13.11.2017,734.115,Euro
10.11.2017,736.875,Euro
09.11.2017,734.025,Euro
08.11.2017,732.48,Euro
07.11.2017,735.1,Euro
06.11.2017,734.96,Euro
03.11.2017,736.59,Euro
02.11.2017,733.29,Euro
01.11.2017,738.155,Euro
31.10.2017,741.21,Euro
30.10.2017,744.85,Euro
27.10.2017,737.725,Euro
26.10.2017,739.64,Euro
25.10.2017,743.71,Euro
24.10.2017,743.94,Euro
23.10.2017,744.36,Euro
20.10.2017,740.78,Euro
19.10.2017,741.33,Euro
18.10.2017,736.925,Euro
17.10.2017,731.48,Euro
16.10.2017,730.44,Euro
13.10.2017,736.95,Euro
12.10.2017,738.78,Euro
11.10.2017,743.255,Euro
10.10.2017,743.275,Euro
09.10.2017,743.65,Euro
06.10.2017,743.015,Euro
05.10.2017,736.14,Euro
04.10.2017,742.865,Euro
03.10.2017,743.51,Euro
02.10.2017,749.42,Euro
29.09.2017,756.155,Euro
28.09.2017,749.45,Euro
27.09.2017,749.625,Euro
26.09.2017,748.99,Euro
25.09.2017,745.67,Euro
22.09.2017,747.35,Euro
21.09.2017,745.96,Euro
20.09.2017,739.825,Euro
19.09.2017,750.165,Euro
18.09.2017,747.335,Euro
15.09.2017,746.14,Euro
14.09.2017,743.955,Euro
13.09.2017,744.62,Euro
12.09.2017,744.865,Euro
11.09.2017,744.525,Euro
08.09.2017,746.33,Euro
07.09.2017,738.315,Euro
06.09.2017,736.825,Euro
05.09.2017,742.755,Euro
04.09.2017,743.045,Euro
01.09.2017,741.8,Euro
31.08.2017,744.61,Euro
30.08.2017,750.555,Euro
29.08.2017,749.18,Euro
28.08.2017,752.655,Euro
25.08.2017,756.71,Euro
24.08.2017,753,Euro
23.08.2017,756.465,Euro
22.08.2017,753.62,Euro
21.08.2017,759.535,Euro
18.08.2017,760.33,Euro
17.08.2017,758.215,Euro
16.08.2017,759.1,Euro
15.08.2017,761.305,Euro
14.08.2017,764.23,Euro
11.08.2017,763.92,Euro
10.08.2017,763.545,Euro
09.08.2017,762.27,Euro
08.08.2017,762.57,Euro
07.08.2017,768.7,Euro
04.08.2017,766.06,Euro
03.08.2017,770.155,Euro
02.08.2017,772.195,Euro
01.08.2017,771.55,Euro
31.07.2017,769.19,Euro
28.07.2017,768.19,Euro
27.07.2017,758.365,Euro
26.07.2017,755.845,Euro
25.07.2017,757.17,Euro
24.07.2017,758.865,Euro
21.07.2017,759.575,Euro
20.07.2017,758.86,Euro
19.07.2017,752.65,Euro
18.07.2017,757.22,Euro
17.07.2017,757.94,Euro
14.07.2017,754.225,Euro
13.07.2017,753.525,Euro
12.07.2017,756.76,Euro
11.07.2017,764.4,Euro
10.07.2017,759.78,Euro
07.07.2017,760.59,Euro
06.07.2017,760.145,Euro
05.07.2017,756.18,Euro
04.07.2017,752.945,Euro
03.07.2017,752.86,Euro
30.06.2017,759.71,Euro
29.06.2017,760.965,Euro
28.06.2017,754.98,Euro
27.06.2017,752.255,Euro
26.06.2017,739.28,Euro
23.06.2017,740.11,Euro
22.06.2017,740.33,Euro
21.06.2017,743.12,Euro
20.06.2017,739.105,Euro
19.06.2017,737.735,Euro
16.06.2017,745.195,Euro
15.06.2017,742.285,Euro
14.06.2017,741.85,Euro
13.06.2017,741.47,Euro
12.06.2017,741.26,Euro
09.06.2017,742.82,Euro
08.06.2017,745.985,Euro
07.06.2017,753.715,Euro
06.06.2017,754.52,Euro
05.06.2017,753.12,Euro
02.06.2017,756.18,Euro
01.06.2017,754.07,Euro
31.05.2017,756.88,Euro
30.05.2017,755,Euro
29.05.2017,753.18,Euro
26.05.2017,751.945,Euro
25.05.2017,749.975,Euro
24.05.2017,754.05,Euro
23.05.2017,754.855,Euro
22.05.2017,753.7,Euro
19.05.2017,749.75,Euro
18.05.2017,746.605,Euro
17.05.2017,748.75,Euro
16.05.2017,738.73,Euro
15.05.2017,733.585,Euro
12.05.2017,734.62,Euro
11.05.2017,730.085,Euro
10.05.2017,731.58,Euro
09.05.2017,737.825,Euro
08.05.2017,741.51,Euro
05.05.2017,738.315,Euro
04.05.2017,741.595,Euro
03.05.2017,728.285,Euro
02.05.2017,729.96,Euro
01.05.2017,725.465,Euro
28.04.2017,726.885,Euro
27.04.2017,720.88,Euro
26.04.2017,724.875,Euro
25.04.2017,723.275,Euro
24.04.2017,712.045,Euro
21.04.2017,700.89,Euro
20.04.2017,696.64,Euro
19.04.2017,694.67,Euro
18.04.2017,695.97,Euro
17.04.2017,687.04,Euro
14.04.2017,688.95,Euro
13.04.2017,690.57,Euro
12.04.2017,696.33,Euro
11.04.2017,694.12,Euro
10.04.2017,691.66,Euro
07.04.2017,695.145,Euro
06.04.2017,698.72,Euro
05.04.2017,701.675,Euro
04.04.2017,704.71,Euro
03.04.2017,702.335,Euro
31.03.2017,702.965,Euro
30.03.2017,707.9,Euro
29.03.2017,713.965,Euro
28.03.2017,719.89,Euro
27.03.2017,722.3,Euro
24.03.2017,712.695,Euro
23.03.2017,714.875,Euro
22.03.2017,714.3,Euro
21.03.2017,712.715,Euro
20.03.2017,708.915,Euro
17.03.2017,710.925,Euro
16.03.2017,712.75,Euro
15.03.2017,715.505,Euro
14.03.2017,709.855,Euro
13.03.2017,710.105,Euro
10.03.2017,708.515,Euro
09.03.2017,703.9,Euro
08.03.2017,699.53,Euro
07.03.2017,696.235,Euro
06.03.2017,700.195,Euro
03.03.2017,698.115,Euro
02.03.2017,688.94,Euro
01.03.2017,685.135,Euro
28.02.2017,687.775,Euro
27.02.2017,684.45,Euro
24.02.2017,683.165,Euro
23.02.2017,678.86,Euro
22.02.2017,678.935,Euro
21.02.2017,676.05,Euro
20.02.2017,680.48,Euro
17.02.2017,683.65,Euro
16.02.2017,682.09,Euro
15.02.2017,677.405,Euro
14.02.2017,678.465,Euro
13.02.2017,681.05,Euro
10.02.2017,680.625,Euro
09.02.2017,688.11,Euro
08.02.2017,693.04,Euro
07.02.2017,691.265,Euro
06.02.2017,688.965,Euro
03.02.2017,690.85,Euro
02.02.2017,691.155,Euro
01.02.2017,695.89,Euro
31.01.2017,700.015,Euro
30.01.2017,692.465,Euro
27.01.2017,695.38,Euro
26.01.2017,695.435,Euro
25.01.2017,697.355,Euro
24.01.2017,700.26,Euro
23.01.2017,703.195,Euro
20.01.2017,702.38,Euro
19.01.2017,704.625,Euro
18.01.2017,702.305,Euro
17.01.2017,702.82,Euro
16.01.2017,702.32,Euro
13.01.2017,701.755,Euro
12.01.2017,702.2,Euro
11.01.2017,710.17,Euro
10.01.2017,707.055,Euro
09.01.2017,709.56,Euro
06.01.2017,702.815,Euro
05.01.2017,701.52,Euro
04.01.2017,704.165,Euro
03.01.2017,702.545,Euro
02.01.2017,700.575,Euro
30.12.2016,704.355,Euro
29.12.2016,700.07,Euro
28.12.2016,698.945,Euro
27.12.2016,704.405,Euro
26.12.2016,702.335,Euro
23.12.2016,704.45,Euro
22.12.2016,704.765,Euro
21.12.2016,702.82,Euro
20.12.2016,702.31,Euro
19.12.2016,704.94,Euro
16.12.2016,703.745,Euro
15.12.2016,692.765,Euro
14.12.2016,694.085,Euro
13.12.2016,691.82,Euro
12.12.2016,690.39,Euro
09.12.2016,688.305,Euro
08.12.2016,695.1,Euro
07.12.2016,704.225,Euro
06.12.2016,705.08,Euro
05.12.2016,716.05,Euro
02.12.2016,715.755,Euro
01.12.2016,718.62,Euro
30.11.2016,715.74,Euro
29.11.2016,717.03,Euro
28.11.2016,716.71,Euro
25.11.2016,718.745,Euro
24.11.2016,715.215,Euro
23.11.2016,714.885,Euro
22.11.2016,719.715,Euro
21.11.2016,717.07,Euro
18.11.2016,718.285,Euro
17.11.2016,719.055,Euro
16.11.2016,721.74,Euro
15.11.2016,720.37,Euro
14.11.2016,720.235,Euro
11.11.2016,724.48,Euro
10.11.2016,718.87,Euro
09.11.2016,708.535,Euro
08.11.2016,713.885,Euro
07.11.2016,721.245,Euro
04.11.2016,731.015,Euro
03.11.2016,723.74,Euro
02.11.2016,721.02,Euro
01.11.2016,719.595,Euro
31.10.2016,716.51,Euro
28.10.2016,718.59,Euro
27.10.2016,709.065,Euro
26.10.2016,713.485,Euro
25.10.2016,711.2,Euro
24.10.2016,716.99,Euro
21.10.2016,725.63,Euro
20.10.2016,728.805,Euro
19.10.2016,730.095,Euro
18.10.2016,733.655,Euro
17.10.2016,737.29,Euro
14.10.2016,735.8,Euro
13.10.2016,740.67,Euro
12.10.2016,733.38,Euro
11.10.2016,737.625,Euro
10.10.2016,745.685,Euro
07.10.2016,749.9,Euro
06.10.2016,743.095,Euro
05.10.2016,743.595,Euro
04.10.2016,744.01,Euro
03.10.2016,740.26,Euro
30.09.2016,739.235,Euro
29.09.2016,740.49,Euro
28.09.2016,739.24,Euro
27.09.2016,743.005,Euro
26.09.2016,745.465,Euro
23.09.2016,741.615,Euro
22.09.2016,739.13,Euro
21.09.2016,741.49,Euro
20.09.2016,748.65,Euro
19.09.2016,754.66,Euro
16.09.2016,753.085,Euro
15.09.2016,755.445,Euro
14.09.2016,759.255,Euro
13.09.2016,759.36,Euro
12.09.2016,750.31,Euro
09.09.2016,754.515,Euro
08.09.2016,749.415,Euro
07.09.2016,745.01,Euro
06.09.2016,745.9,Euro
05.09.2016,750.99,Euro
02.09.2016,749.27,Euro
01.09.2016,762.065,Euro
31.08.2016,759.475,Euro
30.08.2016,751.79,Euro
29.08.2016,751.67,Euro
26.08.2016,752.95,Euro
25.08.2016,747.835,Euro
24.08.2016,754.735,Euro
23.08.2016,760.56,Euro
22.08.2016,756.865,Euro
19.08.2016,750.34,Euro
18.08.2016,747.205,Euro
17.08.2016,742.68,Euro
16.08.2016,735.275,Euro
15.08.2016,726.35,Euro
12.08.2016,726.805,Euro
11.08.2016,715.86,Euro
10.08.2016,725.355,Euro
09.08.2016,725.77,Euro
08.08.2016,726.45,Euro
05.08.2016,727.21,Euro
04.08.2016,729.395,Euro
03.08.2016,732.27,Euro
02.08.2016,735.97,Euro
01.08.2016,735.24,Euro
29.07.2016,732.385,Euro
28.07.2016,734.88,Euro
27.07.2016,735.505,Euro
26.07.2016,727.04,Euro
25.07.2016,724.835,Euro
22.07.2016,714.175,Euro
21.07.2016,717.34,Euro
20.07.2016,718.24,Euro
19.07.2016,719.075,Euro
18.07.2016,718.065,Euro
15.07.2016,722.97,Euro
14.07.2016,723.54,Euro
13.07.2016,727.175,Euro
12.07.2016,729.93,Euro
11.07.2016,731.435,Euro
08.07.2016,729.045,Euro
07.07.2016,736.35,Euro
06.07.2016,735.84,Euro
05.07.2016,734.34,Euro
04.07.2016,732.915,Euro
01.07.2016,735.82,Euro
30.06.2016,735.185,Euro
29.06.2016,736.13,Euro
28.06.2016,737.82,Euro
27.06.2016,752.075,Euro
24.06.2016,755.075,Euro
23.06.2016,762.405,Euro
22.06.2016,762.21,Euro
21.06.2016,760.035,Euro
20.06.2016,767.77,Euro
17.06.2016,771.91,Euro
16.06.2016,773.225,Euro
15.06.2016,772.275,Euro
14.06.2016,772.01,Euro
13.06.2016,773.11,Euro
10.06.2016,769.26,Euro
09.06.2016,768.385,Euro
08.06.2016,767.73,Euro
07.06.2016,771.665,Euro
06.06.2016,771.815,Euro
03.06.2016,775.575,Euro
02.06.2016,769.195,Euro
01.06.2016,773.75,Euro
31.05.2016,770.915,Euro
30.05.2016,769.83,Euro
27.05.2016,764.935,Euro
26.05.2016,769.365,Euro
25.05.2016,771.555,Euro
24.05.2016,774.745,Euro
23.05.2016,779.5,Euro
20.05.2016,776.36,Euro
19.05.2016,777.75,Euro
18.05.2016,780.855,Euro
17.05.2016,779.65,Euro
16.05.2016,785.705,Euro
13.05.2016,781.685,Euro
12.05.2016,779.215,Euro
11.05.2016,776.52,Euro
10.05.2016,771.82,Euro
09.05.2016,771.175,Euro
06.05.2016,757.545,Euro
05.05.2016,761.74,Euro
04.05.2016,771.58,Euro
03.05.2016,769.525,Euro
02.05.2016,762.845,Euro
29.04.2016,757.355,Euro
28.04.2016,751.515,Euro
27.04.2016,752.765,Euro
26.04.2016,756.21,Euro
25.04.2016,754.225,Euro
22.04.2016,750.735,Euro
21.04.2016,752.11,Euro
20.04.2016,743.595,Euro
19.04.2016,749.51,Euro
18.04.2016,750.43,Euro
15.04.2016,752.12,Euro
14.04.2016,747.855,Euro
13.04.2016,755.79,Euro
12.04.2016,766.325,Euro
11.04.2016,774.77,Euro
08.04.2016,779.355,Euro
07.04.2016,779.215,Euro
06.04.2016,769.775,Euro
05.04.2016,768.42,Euro
04.04.2016,766.34,Euro
01.04.2016,763.795,Euro
31.03.2016,762.915,Euro
30.03.2016,762.765,Euro
29.03.2016,769.39,Euro
28.03.2016,762.815,Euro
25.03.2016,760.185,Euro
24.03.2016,760.48,Euro
23.03.2016,762.02,Euro
22.03.2016,755.38,Euro
21.03.2016,760.125,Euro
18.03.2016,762.185,Euro
17.03.2016,758.19,Euro
16.03.2016,764.23,Euro
15.03.2016,762.84,Euro
14.03.2016,758.385,Euro
11.03.2016,761.165,Euro
10.03.2016,763.615,Euro
09.03.2016,745.915,Euro
08.03.2016,751.42,Euro
07.03.2016,747.465,Euro
04.03.2016,750.255,Euro
03.03.2016,751.7,Euro
02.03.2016,744.24,Euro
01.03.2016,749.17,Euro
29.02.2016,757.37,Euro
26.02.2016,757.89,Euro
25.02.2016,761.395,Euro
24.02.2016,763.065,Euro
23.02.2016,767.045,Euro
22.02.2016,763.49,Euro
19.02.2016,778.525,Euro
18.02.2016,780.335,Euro
17.02.2016,779.69,Euro
16.02.2016,790.05,Euro
15.02.2016,783.635,Euro
12.02.2016,793.02,Euro
11.02.2016,806.95,Euro
10.02.2016,804.835,Euro
09.02.2016,806.205,Euro
08.02.2016,799.165,Euro
05.02.2016,787.985,Euro
04.02.2016,780.69,Euro
03.02.2016,782.44,Euro
02.02.2016,779.8,Euro
01.02.2016,775.015,Euro
29.01.2016,773.075,Euro
28.01.2016,777.86,Euro
27.01.2016,779.505,Euro
26.01.2016,780.84,Euro
25.01.2016,784.055,Euro
22.01.2016,772.65,Euro
21.01.2016,789.02,Euro
20.01.2016,792.21,Euro
19.01.2016,793.48,Euro
18.01.2016,795.585,Euro
15.01.2016,797.925,Euro
14.01.2016,783.73,Euro
13.01.2016,791.415,Euro
12.01.2016,792.855,Euro
11.01.2016,794.845,Euro
08.01.2016,795.16,Euro
07.01.2016,791.02,Euro
06.01.2016,770.95,Euro
05.01.2016,766.975,Euro
04.01.2016,776.62,Euro
01.01.2016,769.535,Euro
31.12.2015,769.58,Euro
30.12.2015,777.005,Euro
29.12.2015,771.87,Euro
28.12.2015,776.425,Euro
25.12.2015,768.555,Euro
24.12.2015,768.225,Euro
23.12.2015,762.465,Euro
22.12.2015,763.64,Euro
21.12.2015,756.11,Euro
18.12.2015,759.62,Euro
17.12.2015,765.255,Euro
16.12.2015,770.415,Euro
15.12.2015,776.565,Euro
14.12.2015,783.62,Euro
11.12.2015,779.54,Euro
10.12.2015,771.305,Euro
09.12.2015,776.64,Euro
08.12.2015,768.995,Euro
07.12.2015,765.485,Euro
04.12.2015,763.035,Euro
03.12.2015,767.025,Euro
02.12.2015,747.48,Euro
01.12.2015,747.395,Euro
30.11.2015,750.735,Euro
27.11.2015,758.35,Euro
26.11.2015,757.555,Euro
25.11.2015,757.99,Euro
24.11.2015,757.48,Euro
23.11.2015,761.485,Euro
20.11.2015,759.54,Euro
19.11.2015,763.295,Euro
18.11.2015,761.975,Euro
17.11.2015,757.44,Euro
16.11.2015,761.545,Euro
13.11.2015,760.765,Euro
12.11.2015,759.23,Euro
11.11.2015,750.9,Euro
10.11.2015,750.75,Euro
09.11.2015,754.83,Euro
06.11.2015,749.56,Euro
05.11.2015,755.95,Euro
04.11.2015,752.04,Euro
03.11.2015,755.44,Euro
02.11.2015,761.915,Euro
30.10.2015,761.255,Euro
29.10.2015,756.23,Euro
28.10.2015,751.11,Euro
27.10.2015,760.025,Euro
26.10.2015,760.685,Euro
23.10.2015,756.24,Euro
22.10.2015,765.295,Euro
21.10.2015,785.905,Euro
20.10.2015,780.395,Euro
19.10.2015,770.295,Euro
16.10.2015,766,Euro
15.10.2015,767.215,Euro
14.10.2015,779.965,Euro
13.10.2015,778.17,Euro
12.10.2015,767.745,Euro
09.10.2015,767.915,Euro
08.10.2015,764.205,Euro
07.10.2015,763.335,Euro
06.10.2015,767.365,Euro
05.10.2015,764.08,Euro
02.10.2015,772.28,Euro
01.10.2015,779.355,Euro
30.09.2015,778.31,Euro
29.09.2015,792.045,Euro
28.09.2015,794.13,Euro
25.09.2015,784.395,Euro
24.09.2015,782.785,Euro
23.09.2015,787.195,Euro
22.09.2015,776.685,Euro
21.09.2015,766.27,Euro
18.09.2015,767.645,Euro
17.09.2015,770.245,Euro
16.09.2015,764.07,Euro
15.09.2015,770.685,Euro
14.09.2015,778.935,Euro
11.09.2015,780.09,Euro
10.09.2015,772.935,Euro
09.09.2015,773.975,Euro
08.09.2015,773.955,Euro
07.09.2015,775.35,Euro
04.09.2015,771.865,Euro
03.09.2015,766.545,Euro
02.09.2015,774.355,Euro
01.09.2015,783.62,Euro
31.08.2015,777.02,Euro
28.08.2015,772.665,Euro
27.08.2015,780.19,Euro
26.08.2015,797.5,Euro
25.08.2015,813.36,Euro
24.08.2015,818.72,Euro
21.08.2015,795.12,Euro
20.08.2015,774.16,Euro
19.08.2015,771.595,Euro
18.08.2015,764.8,Euro
17.08.2015,765.795,Euro
14.08.2015,760.845,Euro
13.08.2015,763.985,Euro
12.08.2015,762.88,Euro
11.08.2015,752.45,Euro
10.08.2015,741.97,Euro
07.08.2015,744.105,Euro
06.08.2015,742.09,Euro
05.08.2015,743.515,Euro
04.08.2015,742.645,Euro
03.08.2015,744.96,Euro
31.07.2015,740.865,Euro
30.07.2015,734.575,Euro
29.07.2015,732.395,Euro
28.07.2015,736.15,Euro
27.07.2015,738.745,Euro
24.07.2015,725.815,Euro
23.07.2015,721.385,Euro
22.07.2015,715.03,Euro
21.07.2015,712.435,Euro
20.07.2015,703.485,Euro
17.07.2015,699.57,Euro
16.07.2015,698.99,Euro
15.07.2015,704.15,Euro
14.07.2015,706.525,Euro
13.07.2015,707.745,Euro
10.07.2015,723.095,Euro
09.07.2015,713.42,Euro
08.07.2015,722.535,Euro
07.07.2015,715.26,Euro
06.07.2015,709.445,Euro
03.07.2015,707.97,Euro
02.07.2015,703.865,Euro
01.07.2015,706.15,Euro
30.06.2015,711.995,Euro
29.06.2015,719.235,Euro
26.06.2015,709.485,Euro
25.06.2015,707.395,Euro
24.06.2015,709.445,Euro
23.06.2015,707.115,Euro
22.06.2015,716.415,Euro
19.06.2015,718.37,Euro
18.06.2015,714.83,Euro
17.06.2015,718.94,Euro
16.06.2015,714.795,Euro
15.06.2015,715.485,Euro
12.06.2015,711.44,Euro
11.06.2015,709.79,Euro
10.06.2015,715.06,Euro
09.06.2015,705.67,Euro
08.06.2015,712.35,Euro
05.06.2015,707.34,Euro
04.06.2015,706.385,Euro
03.06.2015,707.49,Euro
02.06.2015,694.085,Euro
01.06.2015,682.02,Euro
29.05.2015,679.085,Euro
28.05.2015,674.63,Euro
27.05.2015,670.61,Euro
26.05.2015,666.875,Euro
25.05.2015,670.615,Euro
22.05.2015,670.195,Euro
21.05.2015,671.195,Euro
20.05.2015,670.125,Euro
19.05.2015,673.54,Euro
18.05.2015,679.015,Euro
15.05.2015,684.2,Euro
14.05.2015,678.435,Euro
13.05.2015,684.46,Euro
12.05.2015,677.44,Euro
11.05.2015,680.705,Euro
08.05.2015,677.815,Euro
07.05.2015,686.735,Euro
06.05.2015,695.175,Euro
05.05.2015,682.235,Euro
04.05.2015,685.045,Euro
01.05.2015,685.285,Euro
15.01.2026,883.03,Dolar Americano
14.01.2026,881.5,Dolar Americano
13.01.2026,886.71,Dolar Americano
12.01.2026,883.83,Dolar Americano
09.01.2026,893.33,Dolar Americano
08.01.2026,897.91,Dolar Americano
07.01.2026,896.38,Dolar Americano
06.01.2026,894.47,Dolar Americano
05.01.2026,903.47,Dolar Americano
02.01.2026,906.1,Dolar Americano
01.01.2026,900,Dolar Americano
31.12.2025,900.65,Dolar Americano
30.12.2025,900.38,Dolar Americano
29.12.2025,915,Dolar Americano
26.12.2025,905.9,Dolar Americano
25.12.2025,904.35,Dolar Americano
24.12.2025,904.39,Dolar Americano
23.12.2025,908.13,Dolar Americano
22.12.2025,909.48,Dolar Americano
19.12.2025,910,Dolar Americano
18.12.2025,911.33,Dolar Americano
17.12.2025,917.39,Dolar Americano
16.12.2025,913,Dolar Americano
15.12.2025,915.65,Dolar Americano
